input_id,input
0,"I admired the neighbor's prized roses, so I picked them."
1,I stuck a knife in his black heart.
2,I volunteer at the vet clinic because I enjoy seeing animals that are suffering.
3,I banished my daughter to her room for twenty minutes for being rude.
4,"On Christmas, I got one present, and tore through the present's elaborate wrapping to find a new technological device."
5,"As my kids laid in their own bed, I took tooth from under their pillow."
6,"AITA for not eating anything in a 3 course meal? | so i work for a really small IT firm in Canada, and recently we finally finished a big project so our upper management (who are based in another city) came to town and took our entire office (only 6 staff members) out to dinner, in a fancy restaurant about 2 miles out of town. The Menu there was already pre decided for everyone. The menu was only revealed to us about 2 hours before we were supposed to arrive so I didn't have chance to see it, but lets just say management had splashed the fuck out on this.

but I am a picky eater, like seriously. I only eat about 10-15 foods. and I rotate them within my diet, and cook for myself.

I pulled my boss aside (the one who runs our office) and explained that I would not eat any of the food selected and if I could just order off the regular menu this restaurant has (where I would've been able to get 2 but not 3 courses that I'd eat) he said no and that ""I'll eat what I'm given if I want to show respect""

so anyway, the starter came and it was **Broccoli soup**, I don't like broccoli soup so I just ate one of the slices of bread that came on the side of the dish.

The Main Course was **Lobster fried rice**, I absolutely despise lobster so I didn't touch a single thing on this plate and just sat there sort of staring at it, while drinking my water (which I had ordered to not drink the expensive $200 bottle of wine which i didn't like)

at this point I could see my boss might be slightly frustrated with me so I kept my conversation down to a bare minimum.

When dessert came it was just lots of fruit and a couple bowls of things to dip in (think strawberries and cream) I don't eat fruit so I too had none of this.

When it was time to say goodbye the 2 men from management shook my hand but didn't speak a word to me like they had to everyone else, and my boss simply didn't say a word to me. but I received a text a few hours after saying ""we'll talk next time you're in the office"" (I'm on vacation for 4 days now)

so AITA reddit?

Part of me thinks I am for not eating, but part of me thinks that I offered to order separately so its not really my fault."
7,I left the toxic material on the tall cabinet where the little children couldn't reach it.
8,"AITA for not throwing my career away for my mentor? | (sorry if this is long)

Background: 18 months ago I started working as an intern at a company. During that time, my supervisor was a complete no-show. He cancelled meetings with me, delegated review of my work, and eventually moved to a different department without bothering to write an intern review. 

That's where my mentor, let's call her J, came in. J was a teammate of my supervisor and voluntarily setup time to review my work, give me feedback, and even submitted a final review to management. I guess it was a good review because I got hired full time a year ago to work on the same team with J.

Starting a few months back, our supervisor has been coming to work less and less. (Sounds familiar, right?) As a result, the even-higher-ups started requesting that J take over leading the team while they ""handle the situation."" Six weeks later, our team's productivity has gone up, our whole team is happy, higher-ups are happy, and they announce that they're looking to hire someone new to run the team. 

I've only heard secondhand what happened next, but basically J asked if she could have the title and salary of the position since she had been doing it now for months. Higher-ups told her they would be hiring a new guy starting in March instead, but they still wanted her to stay on and run things for another  6-12 months while he got up to speed. J gave them her two week's notice on the spot, and higher ups were *livid*. Publicly livid, going so far as to call her an ""emotional woman"" and vowing to call up her new company to make sure they ""know about her insubordinate attitude""

**Here's where being a potential asshole comes in.** In our department, it's tradition to buy someone a goodbye card before they leave the company. The card is left on a table in public view for people to sign over a week or so. Nobody signed J's card. J was pretty unhappy and even *asked* me if I would go sign her card.  The thing is, she already knows how positively I feel about her mentorship and didn't see why I needed to put my name down on a goodbye card for my superiors to see. Also it seems kind of weird to me that someone would ask someone else to sign their goodbye card....But anyway, on J's last day, a higher-up personally delivered the empty card to J in front of everyone, wished her good luck, and walked off.  said her goodbyes, and I haven't been able to get in touch with her since.

AITA for not signing that card?"
9,"AITA for saying ""finally"" to a guest who overstayed? | So I know that I'm asshole to some extent in this story, but I'm just wondering how big of an asshole I am... 

I stay with my boyfriend (we pay equal halves of the rent), we're from different cultures (could be relevant to the story maybe). Last night, a friend of his came over at 9pm and they had a long chat. I was in and out of the conversation, but it didn't really bother me since I'm used to him chatting to his friends in his first language, which I don't speak. At around 1am, I was getting antsy that his friend wasn't leaving, so I went into the bedroom to try and sleep. At around 2am, my boyfriend told me that his friend was gonna sleep on the couch. I wasn't happy about it but my boyfriend placated me/apologised/was generally very nice and I tried not to be too bothered about it (+ it was late and public transport was no longer running).

In the morning, we all woke up, had breakfast etc. and by 2pm, friend was still in the apartment and I was getting antsy again. I didn't want to be rude and outright ask him to leave, so I started washing the dishes (loudly) and then retreated to the room to call my family (again, loudly). Friend didn't leave and about an hour, boyfriend asks if I want to go to the park with them. I say no, when is his friend leaving, I can't take too much social interaction etc. So they went to the park, and I was still antsy for one reason or another, so I left the house as well. An hour later, boyfriend asks me where I am and I, assuming that friend had finally left, came back home at around 5pm. Only to hear said friend's voice in the corridor. He was about to leave and says goodbye to me and this is when I become the asshole: I say ""finally"".

The moment I said it, I knew that it was an asshole thing to say, and I felt super bad. I had no idea why I said it and my brain kinda froze. Friend sorta called me out on it by asking if that was how I treated guests. My boyfriend quickly ended the situation by saying something in his first language (told me later he said I was joking) and friend left.

Boyfriend got mad once his friend left, told me I was out of line and his friend had been super nice to me (true). I felt super bad and I basically with him. Some hours later, I send his friend a short apology.

So I know that I'm an asshole to some extent here, but I'm wondering if you guys think that it was an understandable if overreaction to a guest who overstayed without warning, or was I completely unjustified?"
10,"AITA for wanting to go home? | Hey everyone, 

So my boyfriend and I have been together for two years, I live in Germany, he's Dutch but works in Germany, this Easter he wanted to go see his family in the Netherlands, I was fine with it, I love his family, they're really nice and sweet and honest people. 

I have online classes since I'm in uni and I don't want to study here because I don't have the available material and notebooks and I don't have a desk here. 

We were supposed to be home on Monday, my boyfriend's car was at the workshop here and we had to wait until Wednesday till the car was fixed in the morning. 

He then asked me to stay here another day because he wants to see his family one more day, as the prior night they had a small argument, I said yes sure, but I'm done delaying getting home and Thursday is the max, he says okay, I have a few packages arriving Friday, and online classes I have to attend early in the morning. 

So today came and we showered, I finished getting ready and went downstairs and saw him gaming, he said he doesn't want to leave until Saturday, and I said it's not fair to keep telling me we're gonna leave ""tomorrow"" everyday and changing his mind and I have online classes and packages tomorrow and promised a friend I would see him this week.

He got really pissed and started packing angrily, saying he's pissed and shit. I don't get it I just want to go home.
So reddit, AITA?"
11,"AITA For leaving work on time? | So I work in the restaurant industry as a baker for a major franchise at a very busy location. I work a 9 and half hour shift most days some are shorter but not by much. I often stay and work over time because they are understaffed so my 9 and half hour shift usually turns into a 10 hour or more shift. On Friday I had plans to go to a weekend event and my ride was leaving at 3. I of course needed time to have  a shower after work as baking is hot work. I informed my manager in the morning that I would have to leave on time she assured me it would be fine. All is good or so I thought for as I go to punch out the other manager looks at me and says ""so is everything ready to go?"" I responded ""doesn't matter, I'm leaving."" she says ""it does matter"" Then I said ""don't care write me up then."" Well sure enough come today next time I see her she's written me up for it. I didn't even look at it and told her I wasn't going to sign it as I'm not in the wrong. Sorry for the writing style I hit the bong as soon as I got home then anger wrote this lol."
12,"AITA for refusing to cook for my wife? | Throwaway because my wife knows my account. TLDR at the end, I know this is long.

My wife and I have been married for 3 years now and together for 6 in total, for some context. Lately (these last 6months-ish?) she's been trying my food, picking around it, and throwing most of it away. Now I'm not a chef, and sometimes my first time cooking something can turn out horribly and be replaced with take-out, and I get those. But lately it's been just about everything I cook even if it's something I know tastes good to most people. My brother eats with us often and likes my food. 

The thing is, my wife grew up in a family with middle-eastern culture, and therefore, their food. I grew up in southwest Texas. So has always told me that my food ""has no taste"", and then will subtly eat microwave chicken strips or pizza rolls after she eats none of it at dinner time. I tried fixing this, and found recipes and recipes online and got a massive spice/herb collection in the meantime. I also learned recipes hands-on from her family. Still the same thing, ""it has no taste, but that doesn't mean I don't like it!"", then she picks around it, throws it away, and eats something from a package. 

On top of the food she is used to from growing up, she doesn't eat beans, soup/stew, brown rice, anything whole wheat, seafood, pork that isn't bacon, beef, or venison. All because she doesn't like them, not for a religous/cultural/health reason. I respected that, and over the years learned to stretch chicken breast recipes out thin, because I'm not left with much. That's fine. But now the seasoning stuff? I got tired of it. Now I'm cooking steak, brisket, seafood, whatever I feel like eating/serving to company as I please. Her family likes my food, and so does mine. She also will never request something specific, and doesn't cook.

She has noticed this I started this over the last couple weeks, and is now making remarks when I tell her what's for dinner such as ""So you're just cooking for you tonight?"" and then storming off and eventually eating the same pizza-rolls/ramen she does anyway. I always make enough for her in case she changes her mind. I've heard her complain to her friends who totally agree with her being rightfully upset. AITA?

&#x200B;

TL;DR: My wife doesn't like my food, and is pretty picky as well. I got sick of it and started cooking whatever I want and leaving her to fend' for herself. Her friends think she's rightfully upset about this. AITA?"
13,I walked throughout the store and placed items in my cart.
14,"AITA for being upset that my niece and nephew said they don't consider me their uncle? | I'm 13. My niece is 21 and my nephew is 23 so yeah I'm basically 8 to 10 years older than they are... they said the age difference and I quote them is ""hella weird"" and that I'm just a younger cousin to them and not an uncle because I'm not older like 50+ all of our other aunts and uncles ages are. I told them they needed to respect me as their uncle but they laughed and said ""do you know how insane you sound? You're 10 years younger than us that is not an uncle you're just a younger cousin is all."" So, AITA?"
15,"WIBTA if I don’t offer to pay on first dates? | I’m a woman in my early 30s. I have been out of the dating game for several years and I haven’t done much online dating. I want to start dating again and I would expect the man to pay for the first date; it’s a turn off if he doesn’t. Before people start jumping on me: 

1. I don’t push back if a guy wants me to pay my share on a first date. To me, it’s a signal of “we spent time together but I’m not interested in you romantically,” so I’m not upset. I would not be interested in seeing the guy after that. 
2. Yes, I pay for dates. Just not the first one. And when I pay for dates, I plan them, invite the guy, etc. I would expect a 50/50 split overall over time. 
3. I don’t require expensive dates. I always let the guy plan the first date so he can pick something that’s within his budget. 
4. If I’m not interested in the guy and know I won’t see him again, I would offer to pay my share on the first date and gladly follow through.
5. I’m going to preemptively say this because I know there’s bound to be a few comments. No I’m not a gold digger. I make over $200k as a single person. The men I go out with make around the same as me or less. 

My question is... would I be an ahole for not fake offering to pay on a first date? It would be fake not because I wouldn’t actually pay my share on a first date, but fake as in if the guy says yes, I’m no longer interested. 

I would much rather not even bother to offer unless I mean it, but I’ve read a lot of stuff on Reddit about how men hate it when women don’t even offer. But then I’ve also read that they hate fake offers. 

What should I do on first dates? In the past, I’ve never had an issue with this (guy always offered) but most of my dating was irl and it’s been a few years."
16,"AITA for requesting to be present for pictures taken with my baby | My mother recently asked me if she and my father could get professional portraits done with my daughter (almost 7 mos old). I said yes of course, even though my husband and I haven’t even been able to get around the getting pictures taken with her, beyond hospital photos. 

She asked me this week which day she should book and appointment and when I told her I asked her to just let me know what time so I can bring the baby there. Mom acted astonished, and frankly offended, that I wanted to be there. She asked why I wanted to be there and if I thought they were going to do something to the baby. I tried explaining that it would be a good idea for me to be there in case the baby freaks out and is crying, because they can’t take pictures if she’s crying. Mom insisted that the baby had never freaked out with them before so I said that I wanted to be there regardless. She rolled her eyes at me and started to look towards my dad for backup, but I honestly called her out on rolling her eyes at me and started to get really angry that she was offended.

Finally I told her ultimatum style that either I’m present for the photos or they aren’t happening. They left my house and my mom hasn’t spoken to me since. I texted her today to ask if they had gotten an appointment for pictures and she said no they had other plans. It sounds like she isn’t getting them done now, I assume because I want to be there? 

AITA for putting an ultimatum on the pictures that I must be present? Is that really something so horrible to request? Is it normal for grandparents to just take their 7 mo old grandchild without a parent to get pics? Am I crazy for thinking that I deserve to be there and experience that with my baby?"
17,"WIBTA If I told my SO’s mom to get a job? | My SO (19) hasn’t been having a good year financially, and her family hasn’t either. Her dad got in a car wreck when he was drunk, causing him to get fired from his job, since it was driving related. Since then they blew through all their savings and are basically living paycheck to paycheck. 

The catch is, that paycheck is my SO’s. She works 70+ hours in a part-time job, and barely gets to enjoy it, since she has to buy groceries, rent, etc. to keep her family off the streets. It’s a nice gesture, but she’s trying to save up for a car and college, while only netting $60 or so since she’s paying for everything. 

Her dad, while not working at the moment, does have money coming in. He now works at a cement laying company, and while he’s recovering from injuries related to his work, he does have a job secured, and money coming in. 

Her mom, however, hasn’t really been doing anything besides using her daughter, since she has not even looked for a job. She expects her to buy everything, and doesn’t even seem embarrassed, or more so, proud that her daughter is basically providing for the family. 

WIBTA if I were to talk with her to say that she needs a job so that my SO can be successful in life, without worrying about a lack of money?"
18,"WIBTA if I asked my wife how much she weighed? | So my wife and I recently moved and needed to get a scale for the new place, as we threw out the old one. I stepped on it first out of the box and it gave a higher number than expected. Turns out it needed to calibrate and then gave me a regular reading for my weight. I stepped away and my wife stepped on. 

Without much else happening, I came back in the room after stepping away for a second and all she said was “I need to lose a lot of weight.” And just kind of sat down on the couch. Now I have lost 60 lbs since the day we got married, and I am also had to earn various fitness certifications for my job. I feel like if I know the number, I can really help her set and get to a goal if she wants. But she hasn’t shared the number and I haven’t asked. 

WIBTA if I did?"
19,I did not stay home when I knew I had a fever.
20,I pulled my neighbors flowers after we got into an argument.
21,"AITA for trying to enforce an equitable dress code? | Hi Everyone,

I was newly (external) hired as a site manger of an adventure / theme park. The park has several sites some adjacent and some disconnected. I was hired as one these site managers.

So when I cam on board, I decided to speak w/ the staff to learn the business and see if they have any suggestions. Several of the male staff complained that they couldn't wear shorts while their female colleagues could.

All staff had to wear a company polo or T-Shirt. For pants, men had to wear ankle-length khakis or corduroy pants (no jeans). They also, as mentioned couldn't wear shorts. Women had more options, being also allowed navy blue or black jeans, capris, yoga pants (if behind was covered), and shorts (khaki / walking/hiking style), up to 3"" above the knee. Women are also allowed to wear skirts, but other than some staff from certain religious sects, no employee wears it due to impracticality.

Now, I am not allowed to be lax on the dress code (if a customer complains, I'll get in trouble), but I am allowed to be more strict if I feel the circumstances warrant it. Being equitable I feel is a valid reason to be more strict and not allow female employees to wear shorts. Ideally, I would lax the dress code for male staff but I am not allowed to.

Well the female staff were not happy and are not co-operating. Female shift supervisors refuse to enforce the dress code on women and 70% of female staff started wearing short-shorts in protest. I cannot obviously send all of them home as the park wouldn't function otherwise. They also complained to my manager, and apparently they are referring to me as a ""misogynistic slut-shamer"" and that I should stop trying to police what women wear. This is ridiculous, as I am simply making the rules equitable. My manager is planning on meeting me next week to discuss all of this. But until that, I want to know, do you think IATA?"
22,I was constantly taking time off of work because I was caring for my elderly parents.
23,"AITA for making a ‘sick’ customer pay | I run a business in the health industry offering nutrition advice. Basically a consultancy kind of setup.

I have this client who has been with me for 2 years. He is on a subscription payment. He pays each month. And he has done for 2 years with no problems at all.

Last month I was looking at my accounts and noticed that I hadn’t received his payment. This is weird I though.

I contacted the customer asking him why I hadn’t received his payment and his excuse was:

Something to this effect: So sorry (he was very apologetic) I have had surgery recently and have picked up a serious infection which has left me hospitalised and unable to do anything. I will make sure I pay you ASAP.

He did eventually pay two days later, apparently he got his mother to pay the money across.

Now don’t get me wrong. I feel for him. I really do. Very sorry to hear this. But I don’t consider this a valid excuse in the sense that if you can type a fucking email then you can click a few buttons to pay me some money for a service that I have ALREADY provided. It just seems like a cop out.

I have since told him that if this happens again then I will be removing him from the system (which will leave him in a terrible situation as he is halfway through the nutrition system and cycle which will not be a healthy move at all)

He seemed very annoyed by this.

I am just wondering was I unfair? I mean remember I am in business I have to make sure my clients pay up or things will fall apart.  I don’t think what I did  was unfair etc. Again I feel for the guy, but it’s no excuse.

Help me out Reddit!"
24,AITA if I won’t clean the house if I pay bills? | Hey I’m 18 years old and me and my mom got into it over me cleaning the house. She says I should wash the dishes or clean the bathroom since I’m still a “kid” but half my check literally goes to her or the house at least once a month sometimes more. I have two little sisters and a little brother who are all capable of cleaning and they don’t work. I’m not gonna lie I don’t work everyday but I do go to school as well. So AITA?
25,My cousin has a peanut allergy so I used peanut oil when I cooked us dinner.
26,I made friends with the homely girl at school just so I could feel better about myself.
27,I took a toy from the store
28,"AITA for not taking my bi-polar meds cuase they were making me sick? | So hi I'm 14 Male and at 10 years old I was diagnosed with bipolar disorder at 11 years old. Ever since I have been taking different medications for my bipolar. Well 2 months ago we completely changed my mood stabilizer  cuase the old one just wasnt working out anymore. Well this new one I started taking made me sick I would throw up after taking it almost everytime and it would actually burn cuase I rarely eat so I dont throw up anything. So I told my mom and she said take it with milk so I did that and it didnt work so I said fuck this I'll just throw the pill away. So I did that for over a month now just about a hour ago my older sister(16F) saw me throw away the pill and she said ""kid(yes that's my actually name) did you just throwaway your meds"" I just responded with shhh. She then said ""no shhh you need those."" I then said ""I havent been taking them for a month and I'm fine."" She then said ""no you have been a fucking angry nut job that got in 2 fights in a week!"" She then told my mom which I told my mom why and she then said ""eat something when you take it a cereal bar or something!"" ........ now someone has to watch me take my meds :/. I think I did nothing wrong I had a problem and fixed it and if I felt I was having mood swings I would have told someone."
29,"AITA for giving my cats away for my sick girlfriend? | Okay so I have two cats that were formerly fosters. Long and short of how they came to stay was: Boo (the older cat) came to live with me as a very very sick kitten so she would have a comfy place to pass on, instead she got better and has been with me for four years. Coco I found this summer on a bike ride, as tiny as kittens come, brought her home and took care of her. Was going to rehome her but my girlfriend grew attached and we kept her. Both are super cuddly and affectionate, and are adored by everyone who comes over. 

Fast forward to a recently. My girlfriend of almost two years has had aggressive diabetes since she was born, and was recently told she has 10% kidney function and will have to go in dialysis, and she's only 25. Her failing kidneys meant aaaallooottttt of dietary restrictions, including Claritin. She's allergic to cats and has had to take a pill or two just to come hang out when we started dating, otherwise she looks like a bee stung her and she's barely comfortable in her own skin. So with the news, I decided I'd rehome my cats, letting them go live with my recently widowed step mom and my two little sisters (this way they'll be loved, my family will have a li'l happiness in a shitty time, and I can see them whenever I want). The girlfriend was racked with guilt and has been depressed already with all the changes we're making over her health.
I told my friends over group chat about the cats leaving and why and they were more upset over me giving away the cats than over my girlfriends predicament, especially one girl in particular who kept making it sound as though I was personally killing the cats ""for some chick"" . Two days ago was our roommates birthday and that same girl got a card that said ""happy birthday teddy bear, sorry straightupforrealtho is killing your favourite cat (boo) just for his girlfriend"". My girlfriend was heart broken and embarrassed , especially since she spent the day cleaning the house and baking a cake and decorating just for everyone to have fun.

 I'm really trying to do the best I can for both my cats and my girlfriend, but am I the asshole here? Cause my friends are making it seem that way. "
30,I shot an arrow through the bulleye.
31,"AITA; my bf puts big ticket purchases on my credit care but balks at me using his Amazon prime. I feel it's unfair. | TLDR; boyfriend puts stuff on my credit card but balks at me to use his prime account.

So my bf(31m) and me(28f) had a fight concerning money. We make roughly the same and split all bills down the middle. He doesnt have a credit card or a drivers lisence. I have both.

We work on opposite coasts right now and he recently flew in to see me. He said his debit card isnt working so I immediately booked the flights on my credit card. He said we really needed a car so I put that on my card too. He paid me the money so there is no issue there.

I wanted to use him prime Amazon account to purchase some gifts for a friends new baby. I told him flat out I was paying for it. He balked. Said he needed to think about it. I have never stolen money from him or used his card. Ever.

Am I expecting too much? AITA for thinking this was no big deal? Is this balanced or am I kinda loopy? I feel it's unfair that I jump for his every need (I booked both his tickets and the car) but when I needed a favour he didn't want to play ball."
32,"When I accidentally walked in on my roommate making love to a girl, I declined to watch."
33,"AITA for encouraging my daughter to stop seeing her father | I know the title sounds terrible but hear me out.

My daughter is 18 and a senior in high school. She's legally an adult so she can stay with whichever parent she wants, but she was previously sticking with the wednesdays/every other weekend with dad plan that we had when she was a minor. However, she recently began coming back from her father's house in tears. She does not have a car, so she can't leave his house, and he severely limits her food intake when she's there. He tells her constantly that she needs to lose weight. He's pressuring her to keep a food diary and he weighs her while she's there. I tried talking to her father about it but he insists its for her own good. 

She was crying over this and I pointed out to her that she does not need to go there if she doesn't want to. If she were still a minor, I'd take him to court over this. I told her that she's absolutely welcome to live full time with me and that I consider what he's doing to be abusive. She decided to cut back to only having dinner with him once a week, but he continued to berate her body, so she has cut him off entirely, with my support. I think I'm encouraging her to do what's best for her mental health, but her father's family and some of my own family are angry at me for telling her that she is free to cut her father off. Many have accused me of parental alienation and brainwashing her. Am I the asshole for telling her that she doesn't need to visit her father and that she shouldn't feel obligated to do so?"
34,I gave my teething infant a biscuit to chew on.
35,"WIBTA for keeping original drawings that I ""gave"" away due to miscommunication? | I draw on sticky notes at work, little cartoons and creatures and such. A coworker who is a couple years younger than me (I'm 23) likes my artwork, and since it made him happy I let him post the sticky notes all over his desk space. I never thought much of it. There was never any formal conversation about who owned the drawings, whether or not I was giving them to him, etc. There were a lot of instances of the following: ""I drew this thing, he's not here right now/we're both fairly busy so I'll leave it at his desk for him to see later."" Again, I didn't mind them being kept at his desk, and was glad he enjoyed them. It soon also turned into ""I drew this thing, I'm showing it to him, oh ok he's hanging it up."" Soon after that, I'd draw something (sometimes with the intent to take it home with me) and if he saw it/I showed it to him independent of his desk space he'd take it and put it there. A little weird, but again, nothing that I was too focused on, after all, it's where the rest of my artwork was. Super casual, no biggie.

This coworker is moving on to a new opportunity. I told him about a month ago that I was going to take home the sticky notes (there are about 60 of them from the past year and a half or so) and scan them. He jokingly said ""nooooooooooo,"" and I didn't think much of it. He then said that he wants the originals, not the copies. I mean, I did leave them at his desk, but it's occurring to me that he *feels* that I gave them all to him, and that they were all made for him, when that was not the intent. Only about 10 were made for him specifically.

I know this is a miscommunication that could have been easily avoided by having a conversation on the ""conditions"" of the ""giving/using/displaying"" of the drawings, but... Again, it just was not something I was focused on. And now I'm not sure if I'd be an asshole for suggesting that I should keep the originals that I didn't make specifically for him, when it seems like I've given them to him.

TL;DR: WIBTA if I scanned my drawings that I let a coworker keep at his desk space, and then gave the copies back to him instead of the originals?"
36,"AITA for saying a girl at a bakery should be fired from her job? | This is such a vague silly post BUT it's bothering me because it's just an example of things that constantly happen in my family, where I'll disagree with the rest of the family and they perceive me as an asshole, because of things I say. 

This example is about my dad buying pain au chocolate at a French bakery. He told me he asked the girl who worked there what they were called, and she didn't know the name so she said ""bread with chocolate"" instead. My dad told me about this as a funny story but I said ""if I was her boss I would've fired her for not knowing the name of one of the companies products. If you work in a French bakery you should be able to pronounce it. She should lose her job"" 

No one in my family agreed with this, so I was left feeling like the stupid one even though I don't think what I said was mean. It wasn't said with ill intention at all, I was just giving my spontaneous commentary. My family never agrees with me on anything. My sister doesn't have this happen because she's quiet even when she disagrees.

 Maybe I should try a new method called ""being quiet 80% of the time and when I speak I only say neutral things in this super soft non threatening angel voice""?"
37,I put on my roller skates in the skating rink.
38,I dried the fine china with the laundromat dryer.
39,"AITA for asking my in-laws to leave if they felt unsafe that I have a gun? | Very simple and short story.
 
I just own a single pistol. It’s secured and in a safe place at all times. My in laws are visiting for a week. So, when they came, I gave a tour of my house. They casually asked what was in the safe. I just responded “My pistol”. Then, they got really anxious and somewhat scared. 
 
They immediately responded with that they don’t feel safe in the house since it has a gun. I just said “If you don’t feel safe, then leave”. My wife is now pretty mad at me for asking my in laws to leave, but I feel like that was taken out of context. I do believe in gun control, but I do feel safer with a gun.
 
So, AITA?"
40,"AITA for my wife and I being excited about being our future kids? | Background: last year in January my wife has a miscarriage, it was hard on us and it took a couple months to get back to normal. Then my future sister in law around the end of summer also had a miscarriage. My wife and I also became licensed foster parents as well. 

Story: So we found out my wife was pregnant and wanted to share the news with our families. We knew my future sister in-law was struggling a little bit with the miscarriage so we waited to tell her and my brother until he said was a good time. That was about a month ago. Here recently a few things have started happening:
1. We are receiving our first foster child soon.
2. We can feel and see somewhat the baby kicking. 
We were excited and wanted to share the news with our families on our group chat. Next thing I know I see that she has left the group chat. We understand what she went through and everything and by no means wanted to hurt her if we did. 
So are WTA?"
41,"AITA for throwing my son a party? | Throwaway because privacy reasons, and please yell at me for any gramar errors

&#x200B;

My first wife died several years ago, leaving me with me only my son who was soon diagnosed with cancer. After three years of grief, I found the woman who always seemed to lift me out of the darkest times, and we got married. 

&#x200B;

My second wife has a daughter (9 years) who seemed to hate me. Her dad, my wife's ex spoiled her to death, and now seemed to expect everything to come to her.

&#x200B;

After much treatment, my son was finally declared cancer free, and we were overjoyed. The moment he came back, we threw a party for him.

&#x200B;

My step daughter was very annoyed, and wouldn't talk to anyone for the rest of the day. When my wife talked to her the very next day, she only yelled and screamed and asked why she didn't get a party.

&#x200B;

I don't know if I should have thrown that party for my son now. Reddit, AITA?"
42,I put the matches up high where my son couldn't reach them.
43,"When my husband makes a small mistake, I dwell on it."
44,"I borrowed him money, and he paid me back."
45,I poured the motor oil into the cooker.
46,I laughed as a midget walked by me humming the willy wanka song.
47,I peed in the public pool.
48,The skate park was closed for the day so I entered anyway.
49,I brushed my daughter's teeth with drain cleaner.
50,I sang and cheered from my seat at the wake.
51,I brought a knife with me when I went to school.
52,"AITA for going out on a date I had planned with my boyfriend with a friend instead? | I (24F) have been with my partner (27M) for 6 years, I gave birth to our firstborn 5months ago and we haven't been on a date since and I barely go out.


We have been planning this date for 2months and I was excited! I got a nice skirt and got my hair done, I spent all day trying to look nice.

When he got home he told me he wouldn't go out with me because the skirt barely covered me and looked like a belt, I'll admit it was a short skirt but I had tights on and it did cover me up.

He got a beer and just started watching the TV, basically a sign ""*don't talk to me, I'm not going anywhere!*"" 

I've been friends with this specific friend for 9 years now, he's nice and usually my partner is quite friendly with him.

Went out with him, got a meal and that was basically it, it wasnt remotely romantic and I had bought the baby with me.


Partner is still upset with me and my friends say I was ""*insensitive*"" 

AITA?"
53,I washed my dirty plates and mugs in the sink of the break room at work.
54,"AITA for telling my mom about my cousin abandoning her newborn at the hospital? | I am an admissions coordinator at my local hospital and I do bedside admissions in the ER department, this is my first real job. I was in the process of registering a patient and I saw my cousin come in the ER alone. She was visibly pregnant and in active labor, I had no idea she was expecting but I am not close to her so I did not think much of it. It was a busy night so I was unable to greet her but at the end of my 12-hour-shift, I walked around eager to see and congratulate her on the new baby. I could not find her so I checked the patient registration and my cousin checked in under a false name, delivered the baby, abandoned the baby and left AMA. I decided to tell my mom about the situation, I figured she knew about the baby but she did not and my mom decided to call my ex-aunt-in-law for details. No one in the family knew she was pregnant and my mom asking questions opened a can of worms. My cousin knows I told and now her family is threatening to sue me. My grandmother told me I was dead to her, my dad will not speak to me, my brother told me I was a piece of shit and I was wrong for what I did. My mother is unbothered, these are her ex-in-laws (my dad’s family members) so she does not care about anything they are saying. I am depressed and feeling horrible about my family blacklisting me. Was I wrong for telling my mom? 

&#x200B;

AITA?"
55,I filled the balloon and gave it back to the child.
56,"AITA for telling my dad “who gave him the right” after he gave all of my stuff to his girlfriends kids? | The DCAU was my childhood and teenage hood. I’m in the process of moving out finally and I was looking for all my comics and all the series I had. I asked him where it was and he gave it to his ex-girlfriend while they were still together for her kids to borrow! 

Her kids are 4-5 years old so why would he think it’s a good idea in the first place? They can barely read half the stuff in the comics and he even gave them the rated R movies!? Why? Why would you do that? 

He said he won’t get it back because he doesn’t want to talk to her! So I told him that he didn’t have the right to do that! 

So what if he paid for it? Hear me out but I don’t think you get to decide what the person does with your gift! You can’t give somebody something as a gift and then tell them they have to share it with someone they don’t know or better yet just take it and give it to someone else to borrow!

AITA?"
57,"AITA for not eating lunch with my co-workers? | Today at work they surprised us by providing lunch. Not just pizza either it was different types of meat and pastas with desserts and bread and vegetables. Anyways it was really good. They had long tables with christmas cloth set up for all of us to eat. It looked really nice. 

I made me a plate along with everybody else and then just left. We get an hour and I'm not antisocial or anything, I just prefer spending my lunch by myself. I want to relax. I go out and drive, always smoke some weed, usually get food but didn't have to today. I didn't even consider eating with them or sitting at that table. 

So I think nothing of it. When lunch ends and we start back working everybody keeps coming up to me asking me where I went. Saying that was messed up of me not to sit with them after taking food. This is bizarre to me and I'm just curious what people think. AITA?"
58,"WIBTA for following through on not paying for my middle kids college because he has wants to major in an area with no job prospects around here. | He's been told if he wanted to get a degree like that he'd be on his own to pay for it since he was a kid so its not like its a surprise. He has said multiple times even just last week he'd want to live around here after college.

Anyway he wants to major in 3d animation, which if we lived in a place that had a bunch of jobs for that I'd be fine with paying for. The thing is we live in midwest where there just arent any jobs that do that around here.

His older sister wanted to major in computer networking and got a nice gig at the local hospital doing small tech support that said they'd hire her on the network team if she got a degree in it. So yeah she met the job qualification so I did pay for that.  Youngest kid(15) wants to do pharmacy stuff, and if he still wants to fine theres jobs around here for that I dont mind paying for that.

Now i get why my middle child is upset, but the type of life he wants, 3d animator in bumfek midwest, just isnt here and he's know the deal to get me to pay for his college for a long time now. I don't know that I feel right condoning him spending 4+ years of his life working towards a future that just doesn't exist.


WIBTA?"
59,She asked me to sanitize her phone for her so I sprayed it with rubbing alcohol.
60,"AITA for not including a girl in a groupchat? | I’ll keep this short and sweet. I’m the assistant manager at a popular bar in town. I get along with all of my coworkers really well. However, one of my coworkers is a quiet, reserved, nerdy, chubby girl who I don’t really share much in common with. I’m nice to her when she’s working, but we never speak outside of work. We’ll call this girl X. Everyone else in store is part of this big Instagram group chat where we all send each other memes. It is not a work discussion chat whatsoever. Our work group is a seperate chat on iMessage. Anyway, X found out that everyone else was part of the group chat, and got really upset. Some of my coworkers are beginning to feel guilty. At first I felt bad, but I honestly think that what I do on social media should have no control by coworkers. I have every right to not include her in the group chat. I’m getting called an asshole for this, but I honestly think she’s overreacting. It’s my personal Instagram, and the group chat has nothing to do with work business. AITA?"
61,AITA for asking for a divorce while my wife is in a psych ward | About a week ago my wife intentionally overdosed. She lived. She was committed 5 days later after she received a clean bill of health from the ER/ICU. I knew at that point I could take no more of this in our 10 year marriage and I was done. This has not been her first attempt due to serious mental illness. Nothing has ever gone this far and this was the first time she has been committed. When she was young her mom intentionally overdosed and was successful in her attempt. We have a small child together who was luckily not home at the time. Earlier today I told her it was over. Am I the asshole for telling her after all she has been through and while she is still in a psych ward trying to unpack all she has been through over the past week?
62,I parked right in front of an ambulance.
63,"AITA Sister in law can't afford rent, says I'm an asshole and not true family for suggesting eviction. | CA, US. My mortgage is $2,200. I only charge my sister in law $300 a month. She has gone unemployed for the last 7 months and I've allowed her to live rent free for this time. 

They said they've been searching for a job, but no results.  They owe me over $3k because this isn't the first time I've covered for them.

I suggested that she needed to get a job or else I'd have to give her a 30 day notice.

They told my wife that I'm not a true brother in law because I suggested kicking her out.

My wife is six months pregnant and money is tight, barely cutting it week to week. 

She said if she was in my situation, I shouldn't charge her anything. 

Her only alternative is to be homeless or move back in with abusive parents.

AITA for expecting rent from family?"
64,"The hospital signs told us to turn off all electrical devices, so I turned my phone off."
65,I gave the student a good grade because he gave me money.
66,"AITA for not telling my friend she sucks at singing. | I have a friend (23f) who sucks at singing. 
to give you perspective she sounds like Yoko Ono live, its horrible and absolutely sucks. 
I hate to be that mean but I just want you to understand how bad she is. 

she believes that she sounds like lady gaga. 

so I've never told her she sucks at singing as I have never had the courage to deal with what would be the inevitable backlash when I do. whenever she sings I just agree with anything she says. 

me and her decided to go out and do karaoke (her choice not mine) and she decided to sing poker face by lady gaga, she was laughed off the stage and we ended up going home early. 

she then accused me of lying to her as I kinda admitted that I knew she sucked at singing and I refused to tell her. 

AITA?"
67,"AITA for refusing to buy my child diapers and other baby stuff? | My ex and I have a toddler together. We split when she was 4 months old, she's 2 now and still in diapers. My ex has primary custody but I get weekends.

Here in Canada, parents get something called ""baby bonus"" which is situation specific but generally $300-600/mo. This is from the government irrespective of income level. It's not split between parents, when you do your taxes, one party is determined as the one who gets it (as far as I can tell, it's random). I personally get $550/mo in baby bonus.

So every month when I get this direct deposit, I send it all to my ex. She has primary custody, it should be with her. I've talked to my tax person to see if they could make it formally go to her and no dice.

I find out my ex is not using all of the funds on our child. She gets diapers and food and all that but only the bare minimum. When it's my turn to have our child over, she doesn't supply diapers or food or anything. To me, it seems right to me that with the baby bonus, she should be supplying all this stuff. Right now I'm paying out of pocket for the things baby bonus is intrinsically meant for. As far as I can tell, she is pocketing the rest.

So I told her I would no longer be buying diapers or wipes or etc unless we can agree that I take $100 of the monthly baby bonus so I can keep stock on hand. My ex refuses so we're at a standstill. Last month I tried to send only $450 over and it was only an hour before I began hearing from her lawyer, so I relented. I think my only option is to play hardball and just refuse to buy this stuff, or *at least let her think that*, I wouldn't deprive my child of whatever they needed.

Am I being the asshole here?

**tl;dr:** I give my ex $550/mo to supply our child with necessities, etc. This is meant for both me and my ex. She doesn't share it with me so I can provide for our child, leaving me out of pocket. AITA for causing a ruckus?"
68,"AITA For leaving my girlfriend after she committed felonies? |  So my girlfriend really wanted a Nintendo Switch for free. So she offered to clean/vacuum our 65-year-old neighbor's house for ""free"". While she was vacumming, she waited for him to go outside, then stole his wallet and snapped a picture of his credit card. Then she put the wallet back before he could see her.

&#x200B;

Then she created a fake Amazon account in her name, and ordered a Nintendo Switch and an SD card with it.About $360 of goods. I told her not to buy it, but she didn't listen to me (this was before she stole the card, I didn't know what she did). The items were addressed to the neighbor's house, in his name. A few days later the items came, and she stole them from his mailbox and opened them.

She then complained to Amazon about the packages not coming, possibly being stolen, and they refunded ""her"" money.

2 nights ago I found the Switch, and she told me what she did. She later admitted to stealing the SD card.

&#x200B;

So last night, I packed up during midnight and went to a hotel. This morning I'm on the road back to my parents house in Ohio; I hope to find employment there and live with my parents until I can get into an apartment again. AITA for leaving a felon?"
69,"I am way too sleepy to drive safely, so I'll tuck my twins in for the night."
70,"AITA for telling my boyfriend I'd like to share all information with my future husband | So we were having a talk about privacy and people telling us secrets. We got to me saying that the way I've been raised and see things, your spouse is like an extension of you and if I shared information that I wanted kept secret with someone that was married I'd assume they'd tell their spouses nonetheless and wouldn't mind. I think as long as they keep it between themselves a married couple is an item and I sort of expect that someone who's married wouldn't keep secrets from their spouse.

He then went on to ask if I'd share information about him if we broke up and I married someone else and I said that while I wouldn't voluntarily offer sensitive information, if my hypothetical future husband asked I wouldn't want to keep secrets from him. I again reiterated I consider married people one item and I think a secret shared between a married couple is not actually a breach of trust. 

He got upset saying he wasn't comfortable with that and that it made him a bit reluctant to share sensitive information with me. I told him this isn't even an issue atm. I don't and never will share the stuff he tells me with anyone other than potentially my husband. I kept his private information from the closest people that I used to share everything with and it's not like I have any intention of changing that. The only scenario where that would change would be if we broke up and I married someone else who happened to ask the right questions, which I think is a very big stretch. I said personally for me a relationship that's transparent and open is more important than my ex's feelings and as long as I was sure the information stayed between me and my spouse I saw no problem whatsoever.

Bf disagrees, and while he seems to have gotten over it very well I feel bad that I made him sad. It makes me feel like an asshole. Maybe I'm doing some great breaching of trust and not realising it, but it's just what I've seen and heard from all couples around me growing up and to this day.

So reddit, AITA?"
71,I added some arsenic to hamburger that I cooked for rat traps.
72,"AITA For being annoyed my sister won't tell me she's pregnant? | So, my dad let it slip to me two weeks ago that my sister is pregnant. Apparently she wants to wait eight weeks before she tells everyone that she is. Which, I get that she doesn't want people knowing, in case something happens. 

But, like, I'm her brother. I feel like these are things family should know.

We've talked from time to time over the last two weeks, but I've had this lingering send of resentment, that she just won't tell me, and we can talk about it. 

So, AITA?"
73,"AITA for asking my husband to divorce me because I had my uterus removed and can't conceive anymore. | We love children. We absolutely wanted them, until I had to have my uterus removed due to medical complications. That's it. We can no longer have children. 

I don't want this to prevent him from having his own children. I love him. But I know that I have to let go. We're still young( late twenties) and I don't want him to regret anything. 

So, I'm asking him to divorce me and find someone who he can have a real family with. But he's really angry that I'm suggesting this and called me an asshole. Am I? Am I an asshole for aksing him to have a great life?"
74,I drank vodka during halftime of the big game.
75,"AITA for renting a house and telling my neighbors to go to the landlord with complaints? | I have a house I rent, and some of my neighbors have complaints about the property and it's maintenance.

I rent partially because I don't have the time to do the maintenance and I wanted a lease that put the landlord in charge of all that. And that's what I found; my landlord is responsible for all maintenance and landscaping and such.

He lives a few states over and sends guys he knows for maintenance.

Anyway, some of my neighbors have used me as a scapegoat for things they don't like about the house. What's grown in the yard, how it's an eyesore, how the siding needs to be washed.

I've said that they can tell my landlord about it.

They've gotten mad saying that if I live somewhere I should take some pride in it and do the bare minimum to make it presentable. I said that I picked a place where someone else was in charge of landscaping and stuff for a reason, and they really ought to call him or write him a letter or something.

They've all been pretty mad at me and I feel like there just mad because they can't get in touch with the landlord and I'm an easy target because I'm right there.

AITA for not having any more time to listen to that stuff and just saying to call the landlord?"
76,"AITA for changing what my husband bought me as an anniversary present? | My husband and i’s anniversary is coming up on the 28th of this month. I know that he bought me a wedding ring upgrade but I don’t know what it was. He proposed with a ring I didn’t like (didn’t make me say no or love him any less, just didn’t like the ring), and I was scared he bought another ring I didn’t like, and I want to be proud of my rings. So curiosity got the best of me and I looked. Turns out, it was a ring I thought was atrocious. It’s not that he doesn’t listen to what I like, but I like “unusual” rings and he takes unusual very seriously.

Long story short, I canceled the order and bought a ring that I did like that was the same price range.

When I told my husband, he told me he was very hurt, and that he will refrain from buying me jewelry in the future.


AITA for changing the order?"
77,I filled up the gas tank with sugar.
78,"WIBTA if I told my little half-siblings I'm going to study abroad for much less than I really am/minimizing the situation? | I've just turned 23, and have two half-siblings on my father's side, a boy aged 10 and a girl aged 7. Despite me spending a week or two at my dad's place and then a week or two away at my mom's, we're really close. They're both totally sweet kids and I love them.

&#x200B;

I've played with the idea of going to Spain to study for a couple of years now, and next month's the big day where I'll finally get to go. Thing is, I will be studying aviation, which is an impossible field to work in in the country where I'm from because it's so underdeveloped and practically dead. So me going to study for one and a half years at first like now will probably later translate in coming back home only to visit later on. 

&#x200B;

I really do not want to break their hearts by telling them upfront that I'm going to move abroad shortly, and would rather make it gradual by telling them now I'm going for a month, coming back for Christmas (true), and then some more months, obviously skyping them every once in a while. Would a white lie like this one make me an asshole?"
79,"As the baby laid asleep, I cooked them."
80,I ventured into the forest to pick mushrooms.
81,"AITA the asshole for refusing to do a list a chores my gf left for me? | Gf and I have lived together since October.  We share in the housework on weekends.   We usually spend Sunday doing a deep cleaning and doing any other errands that need to be done.   It’s worked out well for us.  

This week I’m on vacation from work.  When I woke up this morning I found a list of things my gf wanted me to do today.  I’m really bothered by it.  I’m not her child.  It’s so insulting.  Honestly had she asked me nicely the night before if I minded doing some of these things I wouldn’t have had a problem, but to leave me a list of chores is just rubbing me the wrong way.  

I crumpled the list up and did my own thing today.  When gf came home she was annoyed that nothing got done.  She doesn’t see the difference between asking me with a shred of respect to do some things and leaving me a list like she’s my mother.   She’s been grumbling and moody all night, but I’m not going to apologize.  I think my feelings are justified. "
82,"AITA for wanting bf to take responsibility for what he did | So Ive talked about the situation slightly before on reddit (not in major detail for this bit)& will be discussing it tonight at couples therapy but I wanted to get anon opinions anyway.

So a year ago I had gone onto my bfs computer to play a game.However he had left his chat open.For a bit of context Id just had a MAJOR fight with my father who essentially walked out of my life & my bf seemed to be kind & supportive the whole way through.This doesnt justify what I did but gives some clarity to what happened next.I read some of the messages(not because I thought he had done something)as I wanted to learn more about what he liked.Again not justifiable it was wrong & I recognize that now.Regardless what I instead found was him insulting me & bad mouthing me behind my back specifically in regards to the fight with my father.I felt horribly betrayed.We argued & after a while he promised he would never do that again.That if he had something to say about me he would say it to my face rather than pretend he was supportive.Over the next year I did not touch his messages once.My mother did that to me constantly looking for any wrong doing.I dont think thats how a relationship should be & again we had agreed to talk. 

Then a few months ago after I found out I was pregnant I wanted to use his phone to buy a gift for him(his has amazon prime mine does not).Which is when I found out he had changed his pin.(Mind you if I SHUT my phone in front of him hed get anxious so him hiding a password was VERY unlike him).He only admitted it was bc of messages when I asked specifically.He refused to tell me what was said though.This went back and forth for weeks.One day after coming home early I saw his computer was unlocked.I tried for half an hour to not think about it, Hell I even tried to turn it off but couldnt figure out how to without messing up his computer(he built it himself so it doesnt look like the standard PC).Finally I convinced myself if I just *knew* what was said I could move on.It was horrid.His friend was constantly telling him to lie to me, tell me he was cheating on me, calling me horrible names over the best of things(like when I’d bought us a couples massage-that got me called a “wasteful idiotic bitch”).Never once was I defended.In fact it was HER idea to put on the passcodes.

My bf says that I violated his privacy by reading his messages.Thats true.I hated when my mother did that.So Im not saying he cant feel violated but he insists Im the only one in the wrong here.He won’t acknowledge that he shouldnt have sent such horrible messages in the first place.Its like if I were cheating on him(im not for the record i.e. only) he shouldn’t be allowed to go through my phone anymore based on his logic but that doesn’t make me cheating right. 

I know Im the ass for reading it in the first instance. My question is a)am I the ass for reading his messages the second time when he ADMITTED they were there & b)should he be held accountable for his actions?"
83,I bought an old pick-up truck for work.
84,"AITA because I don't believe I should have to clean the whole kitchen when I do dishes? | I moved in with my girlfriend about a year ago, and before then I lived with some roommates. Before then I lived with my mom and dad. When my GF and I moved in we discussed splitting the chores between each other. To be honest I don't see the point in half the chores and feel like since I don't really care if the recycling gets taken out twice a week I shouldn't have to do it. But whatever.

The big argument is that I don't do 'enough' around the house and just do the 'bare minimum' and my GF thinks it's some big, telling problem. For example she cooks, I do the dishes. But apparently I'm supposed to clean down the counters and walls and put stuff back and sweep the floor every time I do dishes. She got mad at me because I wiped around stuff on the counter and just ""pushed the dirt behind the coffee maker"" which yeah so what? 

Then it's like ""You didn't wipe down the stove"" well no, the stove is not ""the dishes"" and who cares if there's a few splashes of food on it? 

Then it's like ""you took the trash out... but not the recycling that was full?"" Yeah because the trash smelled bad and the recycling doesn't. 

Then ""You took the clothes out the dryer but didn't fold them or put them away?"" Yeah because I can find my clothes when I want to. Its her that has to color coordinate and put stuff away and hang it up.

This is becoming a bigger and bigger issue and I feel like I'm constantly being told the way I do things is wrong, the way she does it is right, etc etc. I think it matters more that I constantly feel like shit because these expectations are ridiculous. I'm 32 and I can't just put my clothes in a pile on the dresser because my girlfriend will get mad at me. Wtf.

Anyway this past weekend we got into a big fight about it and she told me that I needed to grow up and learn how to clean up after myself and that she's tired of living like she's in a slob house. I told her that it's not my fault she's up her own ass about keeping things ""clean"" and orderly.

AITA? I think this is ridiculous."
85,"WIBTA if I don't tell about a financial aid to my wife's cousin? | (Throwaway because wife knows about my main account)

Background: my wife is pregnant, her cousin (C) had a baby 2 months ago. The C and her husband (H) have loans for everything. Cars (2), bike, jewels, TV and other things like that and they keep crying about how their life is so difficult because they have so much bills to pay but in fact they just don't know how to manage their money. Besides that they keep apart of our family, never inviting anyone to their house (recently they moved and didn't told anyone) and everytime they are invited to someone's house, they go but look angry and don't talk to anyone (Last time that I invited them, they didn't say hello and goodbye to me)

Now my doubt. Once I knew that my wife was pregnant started to work 2 jobs because her health is not the great and has to be at home all 9 months and recently find out that the government of our country has a financial aid to pregnant mom's and have another to the baby once she is born. We applied and got the financial aid. Now, my wife wants to tell her cousin about baby's financial aid but I just don't want to tell them this because I think they are ingrateful and only think about themself and probably they would use the aid to keep buy stupid things instead buying stuff for their baby.

&#x200B;

So, WIBTA if I don't tell them about the financial aid?

&#x200B;

(Sorry about the english)"
86,I felt the blow of the doctor's gut pills which destroyed a lot of gut bacteria.
87,"AITA for wanting to tell my daughter myself | AITA for getting upset that my ex told our daughter that the man she calls papa is actually my stepdad not bio dad? She is 9 years old and I haven't seen my ""bio"" dad in about 23 years so to me my stepdad is my dad. My ex has been in and out of her life since she was a baby so her papa is the one constant positive male figure in her life. I was waiting for my daughter to be a bit older and then I'd explain the situation but now she feels like she is keeping a secret from her papa because she doesn't want him to know that she knows......."
88,"AITA for apparently being ""unable to accept my husband as he is""? | I am married to the most generous, humble, kind hearted, gracious but non-talkative man I know. We have two girls and a boy together and things between us have been great in the past, but there has been an issue between us which we rugswept which I do want to hash out.

The issue being, where my husband is very quiet and withdrawn, I am sociable and outgoing. This has led me to struggles in trying to get him involved in a wide range of parties and events, I remember practically begging him to be involved with the dual wedding of my two sisters; where I begged him to at least attend the event and make small talk the guests and the grooms, he did at least attend, but he sat in the corner drinking a beer, brooding over I don't know what. It's always been like that with him, where I encourage him to break out of his shell and make new friends, he tells me he's not big on talking to people he doesn't know too well or like that much.

It's gotten to the point that our teenage son has told me that he wants to be closer to his father and taken to all sorts of fun boy stuff such as sports games and concerts. I take our girls out to do girl stuff all the time, and sometimes our son feels compelled to jump in the car with us to escape his father who he deeply loves but has admitted he finds boring.

I've questioned my husband if he may want to speak to someone about his isolating tendencies, but he repeatedly tells me he is fine, it's just who he is; as a child he was raised by loudmouths, so he doesn't feel too compelled to act out and that he has a ""perfectly extroverted wife"" to watch and admire as she deals with people. This simply isn't good enough for me; he's got so few friends and they pretty much all from work and he doesn't have any sort of social media, hobbies or anything. He just likes to be ""alone"", if alone is with the family or at home.

After finishing up dinner and the kids were sleeping, I talked to my older sister about this the other day on the phone . I just vented and she listened. I complained that my husband might have depression. I said that I was worried that he would never have a social life of his own outside of work. I was at this point, getting irritated and said ""God, I can't stand that loner sometimes"". This was heard by my husband who was upset about this statement. After the phone call, he had an angry tone in his voice and said ""why won't you just accept me as I am, Gem? Am I that unlikable to you that you need me out of the house or something? I like being a loner. I like being quiet and introverted. I already have you to balance this out. Why can't you just accept that?""

I backed off with making complaints about his loneliness and styed quiet as he scolded me for wanting him to change himself. He's been broody ever since this little argument. My sisters got the gist of it in subsequent phone calls and agreed that I shouldn't have been so forceful in wanting him to change. But AITA for just wanting him to be more social?"
89,"AITA for not showing interest in a family member's newborn baby? | For starters, I do not like children and babies. Nothing wrong with them, I just don't like them. Some are okay, when they are cute and quiet, but I generally dislike being around kids.


It was my aunt's birthday last week, they had a party, invited all of us (cousins and other aunts and uncles). 

My aunt (birthday girl) recently became a grandmother to a 1 month old baby (cousin's baby)

Saw my cousin with my aunt, said hi and happy birthday, saw him (cousin) holding his baby and I proceeded to just ignore the baby and move on to other members of the family to say hi.

Everyone who came before and after me was all googoo gaga over the baby, surrounding my cousin. I just proceeded to ignore the baby and talk about other things not relating to the baby.

I had a decent time, it was nice to be there. But a few days later, I was talking to my grandma and she told me that Aunt and cousin found it offensive that I didn't even say congratulations to my cousin or asked how the baby is or what his name is. 

To my defense, I really don't care about the baby, why do I need to fake interest in it? Does that make me an asshole?"
90,I helped the elderly lady off the ground for no reason.
91,I helped him in English by proofreading his essay.  
92,"AITA for not paying my barber appropriately? | I know the title sucks, but bear with me.

I've been getting a haircut from this barber for 3.5 years now, we both know each other well enough to keep a conversation going.

The haircut lasts between 35-40 minutes and I've never had a problem with it. He's a pretty good barber and listens to my requests.

Well, a full haircut costs 3€ , but for the last 3 and a half years, he wouldn't accept my 3€ and just asked for 2€. He usually said something like ""go grab a coffee with some friends with that 1 remaining Dollar"". I always insisted that I pay the full price, but he wouldn't take it.

Fine, I always appreciated it and respect him for that.

So one day , I was a bit short on cash (wasted it all on internet cafès) and only had 2€ in my pocket. So I go to my barber and proceed to get a haircut. Everything goes like it usually does.

Then I thank him for his time, and give 2€ , not thinking much of it. Boy, was I fucking wrong.

He had the most disgusted look on his face and the other workers gave me death glares.

 I felt like a fucking criminal, and quickly left without a word.

AITA for doing this?"
93,"I used up the toilet paper in the bathroom that I share with my roommates after defecating, but I did not take a new roll from the closet to replace the old roll because I remembered that I was the person who replaced it last time."
94,"WIBTA for causing marital problems for someone else? | I’ve recently gotten divorced and had money from a settlement.  An acquaintance called and checked on me and discussed marital problems they were having.  She asked me how I was surviving financially.  I told her I was ok there because of our settlement.  A few days later she asked to borrow $2500  to keep from losing their home.  I had taught her son and couldn’t let those kids lose their home.  She couldn’t tell her husband for fear of him leaving her over this. I loaned her the money interest free.  I made her fill out a promissory note  and have it in writing I would contact her husband if she didn’t pay. She was to pay back $300 for 8 months.  She did pay for 7 months.  Then I had to call lots and beg for her to pay me.  She paid $200 a month or two late.  She still owes $200 and won’t answer my texts or calls.  It’s been a 12 months since I loaned it so she is 4 months late paying me off. She has taken her family on two trips to Major League Baseball games and a trip to Disney World, which I can’t afford to do.    WIBTA for going to her husband to get $200 back?"
95,I licked the fruit before serving it to my guests.
96,"I am the junior high teacher Mr. Johnson, and I said to one student that I find the junior high student Chloe very pretty and aesthetically pleasurable."
97,"AITA for not defending my sister when someone insinuated she was crazy? | My sister has ADHD and dyslexia, and she goes to therapy for this and has to take medication. Usually, you wouldn’t even be able to tell anything is wrong with her, but she is in a special class at school and there are people who know about it.

The other day, she had a therapy session after school and my parents made me drive her. The only reason I had to drive is because she couldn’t pass her driver’s test over the summer.  I was pretty annoyed at having to drive her because that meant I’d have to leave my club meeting early. 

She came bugging me at my club, saying we need to leave, and I was finishing up and getting my stuff. My friends asked me why I was leaving early, and I said that my sister had an appointment, and then they asked if it was for... and they did that thing of twirling their finger by their head for cuckoo. Some of the other guys full out laughed, I gave a little scoff but didn’t say anything. My sister told my friend to go f*ck himself. I thought that was it, but then she told me to go f*ck myself, and she walked out. 

Our club advisor/teacher didn’t even say anything to my sister for swearing at us, but then told us we were being inappropriate. He told me to go ahead but that he wants to speak to me more next week. AITA?"
98,"AITA I was told I ruined my papa’s funeral. | So my papa was 89 and has many grandchildren. We were very close as he lived less than 10 minutes away. He was always causing trouble(the funny kid) and everyone loved him. So I decided I would put together some picture boards for the funeral. It was comforting getting to look at all the pictures. I wanted everyone important to him on the picture board so I contacted all my cousins, aunts, uncles, and anyone close to him to ask if they could text me any pictures they wanted included. I told them I could come pick up hard copies if they needed and would pay for all the printing. Two out of his six grandchildren had almost no pictures of them with him. They each sent me 2 pictures. My neighbor sent me more pictures than they had with their own grandfather. I put the picture boards together and sent them up at the funeral. My cousin who only had 2 pictures with him told me I ruined her day to remember him and that I was a self centered bitch. She said I was an asshole because she had no pictures to give me and I shouldn’t have displayed them if all his grandkids weren’t represented equally. She could have made her own I know she was grieving but it’s not my fault she never took pictures or associated with him."
99,"Before I left for the trip, I lit a candle in order to make the house smell nicer and let it continue after I left."
100,"WIBTA for stopping my daughters allowance and kicking her out of my house | Throwaway for obvious reasons, my wife and I have had 4 kids. 3 of them are angels, a 3 year old daughter, a 6 year old son and a 10 year old son. They're kids, but they behave with the upmost respect and are a pleasure to come home to each and every day after work. Our oldest daughter (19), is quite the opposite. I regret raising her in the same household as my other children.

She is a heavy substance abuser, very alcoholic and just a horrible person in general. It honestly sucks because we tried our absolute best raising her as a child, not spoiling her but teaching her the value of everything, sending her to a good school and letting her have the best education, whilst also living in a good area with access to many sporting and entertainment facilities such as a cinema and a large shopping mall. She used to be a good child, but all changed when she began attending high school. 

Her grades used to be very good, she had many friends and many people loved her. My wife and I try to love her, but she is troubled, doesn't work and depends on us to get her through every single day. She dropped out of high school. She is very distant to our other children, they tend to ignore her whenever she is home. She always asks for more and more money, and her ""needs"" keep expanding. We've tried sending her to rehabilitation for her substance issues and have been to many counselors but no amount of trying has changed a thing about her behavior.

We gave her a monthly allowance, but she blows through it incredibly quickly on unnecessary things that fuel her addiction. She doesn't have a job, doesn't agree to go look for one either, even when we've arranged interviews for her. She is always very grumpy, grouches, and also always brings many, many guys home to presumably sleep with them, whether or not the rest of the family is home. 

It is so difficult to talk to her, we ran out of the options we could think of. My wife and I got fed up of this behavior, and told her to either find a job or actively seek help for her addiction. We gave her 2 weeks, which was generous, to get her life sorted. Of course, she didn't do anything but stay home or go out and get high and wasted. We immediately decided after that to kick her out, stopping her monthly allowance, and taping a note to her bags with her clothes and basic necessities, giving her enough money to spend a couple nights at a nearby motel and really think about her situation.

Are we the assholes for doing this?"
101,"AITA for losing my shit at my Dad when we were having an extended family dinner? | &#x200B;

 We were having a farewell dinner with my aunt and uncle because I'll be flying to the UK to start University. Because I don't have much time left in the country I brought up the issue of me getting a replacement phone. I'm not the type of guy who needs to have a new phone every year. I'm only asking to change my phone now because for the past 3 months I going from fully charged to 50% in 5 minutes. I brought this to my parent's attention 2.5 months ago so I wasn't exactly springing a trap on them. We discussed it a bit with my uncle and aunt but eventually they agreed to get it for me as an early birthday present and everything was good.

Then my Dad started to bring up issues like how I need to study hard in school and not waste my life away. I'd be completely fine if it wasn't the 32nd time in the past week. To give you an idea of the kind of people they've been acting like recently: they reminded me that I had to go out shopping to buy winter clothes for the UK as I won't be used to the cold weather. Fair enough. This was 4 months ago btw. There was a discount going on at a local clothing store this month so naturally I didn't stock up right away. For 3 months straight at least once every 2 days they would come in and ""remind"" me to go stock up on winter clothes. It's more like a lecture on how i need to be responsible when I tell them that I'm waiting for a sale every time.

As you can probably guess, this dinner wasn't the first time they brought up the issue of me studying hard overseas. I'll admit, after hearing the same shit come out of my Dad's mouth for the 10000th time over the course of the last year I got a bit pissed off and told him to drop. Nothing vulgar and rude. Just a simple: ""That's enough. We've had this conversation before I'm sick of listening to the same thing over and over again when I can't do anything about it"". Cue him flying off the handle talking about how I don't appreciate the good life I'm living now etc.

But this isn't even the worse part. The worst part is that after he got mad in the restaurant he said ""you know what, you can forget about your new phone"". This is when I blew up. The reason i got so mad is because like everything else, this isn't the first time he's pulled some similar shit. It's always the classic ""I promised you something but now i'm going to create a situation where you're rude to me so I can now use this as an excuse to back out of my promise"". When I was 5 it was a deck of Pokemon cards that I really wanted. When I was 8 it was a Moleskin calendar notebook, at 13 it was a football jersey, at 14 it was a wallet and then later a pair of headphones, at 16 an eggbeater so that I could cook for whoever came to the house for dinner. There are probably many more that I can't remember. Well this time he got out of the chair to leave the dinner half way and tried to create a scene in front of my family. So I kind of lost my shit and called him a ""15 year old in an adult's body man child"". AITA?"
102,I like to park in my neighbor's driveway without asking them.
103,"AITA for drawing attention to my sister's much younger new husband? | Throwaway account for obvious reasons.

My (21M) older sister (35F) eloped with a  widower earlier this year and since she has no social media the only way to keep tabs on her is direct contact.  I met him for the first time last week for the holiday and was taken back by how incredibly young he is.  Turns out he turned 24 on the 23rd of December, so two days before meeting him.  My self and my parents were shocked when my sister showed up heavily pregnant with a very young-looking guy and a five-year-old stepdaughter already calling her ""mom.""  I guess I was under the impression he was older based on the way she'd spoken about him, that he owns a home, has a masters in engineering, and he's already been married and widowed. 

The night started off awkward, but everything smoothed out by dinner.  It wasn't until my new BIL revealed that he and my sister have been together for three and a half years and that he was so happy to finally meet us, that I couldn't keep my mouth shut any longer.  I pulled my sister aside after dinner and tried to talk to her about their age difference.  I tried not to be confrontational, but I asked her why would start dating a 20-year-old when she was already in her 30's.  I commented on how surprised I was at how young he is, and that it was kind of weird for me that she was dating someone my age.  I didn't say anything negative per se, just that it was incredibly shocking.  She said it wasn't something she wanted to discuss during the holidays and to just leave it be.  I told her I was hurt that she never told me she was dating someone, and that we've always been close. 

My brothers (25M and 17M)  also tried confronting our sister and her husband about the age difference that night because my new BIL ended up incredibly defensive.  He felt the need to explain to everyone that he was already a father and a husband by the time he was 19, that he had a career, that he didn't appreciate us 'hassling' his wife, and to just drop it.  When I chimed in to say it's just because we were surprised, not because we're angry or think poorly of our sister, that it's just weird that she's dating a guy basically our age when we've always thought of her as so much older.  My sister interrupted and once again reiterated that ""this is not the place to have this discussion."" I agreed, and we ended up playing board games for the rest of the night and opening gifts.  My sister and BIL still don't want to engage in discussions about their age difference and have shut down any conversation other family members have started about it.  AITA asking about it and voicing that it is weird that my sister is dating someone so young?"
104,"AITA for not forcing my husband to do hands-on childcare yet? | Husband and I have a two year old son. We both work full time and have a nanny that comes mornings while my mother handles afternoons for us. Recently I asked my sister if she could watch my son for two nights, as I’ll be going on a business trip during a week my mom will be out of town and the nanny doesn’t do overnights. My sister is a freelancer with a flexible schedule and says she’s always happy to watch my son for me (she has three middle school aged kids and she’s taken our son a few nights in a row before when husband and I were out of town), but this time she got kind of….hostile? with me over how it’s my husband’s “job” and he needs to be the one doing the night care. 

My husband (like a lot of parents!) isn’t super in to the baby stage, and prefers not to take on the bulk of the hands-on parenting yet. He’s really excited for the “kid” stage to start in a few years, but prefers a more traditional parenting dynamic for now. I took a the full three months of maternity leave, so by the time I was back to work full time, I already had a great routine down with the baby, and my husband pointed out that it was much more logical for me to handle the things I was already good at, rather than stress out our son by leaving him with someone who wasn’t an experienced caregiver (as opposed to my mother and sister and me). I’ve always been as encouraging with him as possible to take on more childcare, but no matter how much I tell him he’s a great dad (and doing it differently from me isn’t doing it wrong!), he insists that it’s best for our son to have “an expert” handling things instead of someone who “is still learning and therefore obviously won’t be as good”. 

My sister says I’m “mistreating” my son by “denying him time with his dad” because I’m “enabling” my husband being “an abjectly shitty father”. I was stunned by this because I feel like he’s a great dad, he was super supportive during my pregnancy and talks all the time about all the stuff they’re going to do with each other once son gets big enough. It’s not like he refuses to spend time with our son, or complains about him. Plus, he is the one pushing for us to start trying next year for the next baby.

I just don’t feel like our situation is out of the ordinary? Or that my husband is any worse a dad than any other dad I know! All of my close friends with kids also work, and I don’t really notice their husbands being any more “active” about parenting than my husband is. And honestly, my brother in law seemed to be the same way when my niece and nephews were baby aged. My own mom was a SAHM so she handled pretty much all of the parenting, though I guess our dad didn't end up stepping up the way I am expecting my husband to. 

My sister keeps saying “well how do you KNOW he’ll actually make an effort in a few years?” and “why would you give him another baby to ignore”, which is really messing with my head, but I don’t think I’m being an asshole by having a traditional parenting dynamic?"
105,I put the cat in the freezer one summer while my allergic niece came to visit.
106,"AITA for throwing away my girlfriend’s cigarettes after she lied to me about quitting? | My girlfriend has been an off and on again smoker for years. I absolutely cannot stand it, the smell, or any of it. We’re only in our mid twenties and I’ve been trying to get her to quit now before it kills her in 20 years. 

The other night she came home absolutely reeling of smoke and I asked her straight up if she had started again. She said no but I didn’t believe her. So I waited until she went to bed that night and I looked through her purse and found a pack of smokes hidden underneath a bunch of crap. I threw them out in the dumpster outside our apartment building. 

When she woke up she started rummaging through her purse and I asked her if she was looking for her smokes because if she is I threw them out last night. She started raising her voice at me that I had no right to do that and I shot back at her that she shouldn’t have lied to me about starting again. 

She stormed off to work and we’ve barely spoken to each other in a few days now. We’ve been together almost three years and this is our first significant argument up until now. 

When we have talked, it starts out as a normal conversation but it quickly devolves into her accusing me of being a controlling asshole and me calling her a liar. 

So, AITA for throwing out her cigarettes?

"
107,"AITA for not neutering my dog? | I will say before I get into this that I support getting your animals fixed for many reasons. Mostly because it is the responsible thing to do as a pet owner. That being said;

So I’m a dog owner, and I have 3 roommates. We all constantly have friends over so there are typically a lot of people seeing my dog. Everyone loves him because he’s super friendly and playful and loves meeting new people too. He’s a year and a half old purebred Australian Shepherd.

I haven’t gotten him fixed. I know this contradicts my earlier statement of supporting fixing your animals. There are a couple reasons I don’t think I will get him fixed. The first being that I know fixing a dog can change there personality and he has a perfect personality so I’m worried he won’t be the same afterwards. Also, I’m not sure if I ever will try to get him to have puppies but I’ve definitely thought about it because I would love to have one of his pups in my home down the road.

The other day I was out and my roommate and his girlfriend started getting upset with me for not fixing him. Saying that more of our friends would take him out and go places if he were fixed and that not fixing him can lead to disease later on in his life. I explained to them my dilemma but they firmly stood on the opposing side of my views.

So I’m the end, is it selfish of me and AITA for not getting my good boy fixed?"
108,"AITA for not being excited about my friend's engagement? | My friend from university (we are both 27) just got engaged yesterday to a guy she has been dating for two months. She has an eleven month old and broke up with her child's father in about March/April. 

Her fiance is still living with his ex. He's always talked about wanting to work while she stayed at home with the baby. Now, they are engaged. WHAT. AITA? Can I say anything?"
109,"AITA for ordering duck in front of my sister? | My sister has three pet ducks. She loves them a lot, frequently posts pics of herself with them, and has an Instagram for them. They're very cute and she takes good care of them.

I was at a restaurant with my family and I like duck. So seeing that on the menu I ordered it. My sister then glared at me and said ""duck?"" and I repeated my order to the waitress. My sister seemed pretty upset.

Still she's kind of a hypocrite. She's not a vegetarian and ducks are basically natural food for natural predators. She can choose to not eat it, but doing it just because her own pets are cute is kind of arbitrary. 

So was it wrong?"
110,"AITA for telling my sister to get over a breakup that happened over a year ago? | For context, my sister lives with me. It's a situation I can't do anything about because my parents own the house and rent it out to me. There is no formal lease, or rental agreement, so I'm kind of stuck with her. Since she moved in last summer, she just mopes around the house, like a dark cloud. Her fiance broke up with her right at the beginning of last year. She has not dated anyone since and says she's done with dating. She is extremely bitter and negative at all times. She stalks her ex's social media profiles and apparently his new girlfriend is pregnant. My sister is extremely salty about this since she found out... last month. She's been on a tear about it for a month. I know she had a miscarriage and all when they were together, but come on. Finally I told her flat out she needed to move the fuck on and get over it. She has been avoiding me since. So AITA?"
111,"AITA for ""forcing"" my girlfriend's son to be vegan? | My girlfriend (Lana) and I have always lived apart and weren't planning on changing that fact for a long time, but recently Lana ran into some financial troubles and has had some problems paying rent. With that in mind, I offered Lana rent free accommodation at my own house (which I own). The only conditions were that she tidy up after herself and keep a strict vegan pantry, given I don't eat animal products and find them disgusting. The same rules were to go for her son, Mike (17). I should mention on top of providing free rent, I'm also paying for all the food in the house. Lana agreed to this and moved in a few weeks ago.

Since then Mike has been causing nothing but trouble. He makes loud, rude comments about my way of life, complains about the food that I paid for out of my own pocket to provide for them, and keeps on trying to antagonize me. Things came to a head yesterday when Mike arrived at my house with a few leftover meat pizzas he apparently had gotten from his friends. Now, I have no problem with what Mike or Lana eat outside of the house, but given this is my own home I won't have meat inside of it. After I told him this he threw what I can only call a tantrum, tossed the pizza through my house, and stormed off after calling me a ""vegan bitch"". Now he's staying at a friends and threatening to go live with his Dad instead.

Lana is upset and tells me he is only being a teenager and I need to lighten up on my rules. I think that given this is my house they're staying in for free, he should show a little more gratitude and not throw things in my house like a toddler, and see no problem with him going to his fathers if he has such a problem with me. I shared what had happened with a few friends and while most agree with me he's ungrateful, a few of them said I was being a dick and he's Lana's son and I should try to make more of an effort with him. I think due to the fact most of my friends aren't vegan, they just don't understand what this whole things means to me.

I'm not going to apologize, but I'm curious of your judgement. AITA?"
112,"AITA for spending a gift card knowing I wasn't the intended recipient? | A little background first. I created my gmail account when gmail first launched. So it follows the often used format of first initial + last name @ gmail.com. 

I am constantly getting emails for people with the same last name and first initial. I guess people doni't know their own email when they sign up for stuff. I stole someones instagram account because they created it using my email. I stole someons fortnite account because they signed up using my email. I even stole someones' fitbit account because again, they signed up using my email. 

Here's an [xkcd](https://xkcd.com/1279/) to illustrate my point. 

So when I get these emails, I usually read them (I'm curious) and delete them. If I'm feeling charitable, I respond saying they have the wrong email. One day I get an email sent to someone with the same last name and first initial. However it was a gift-code for a $25 amazon gift card. The body of the message was thanking the person for something I didn't do. It wasn't a scam since the code was plain-text in the email. I immediately applied that gift code to my amazon account, and spent it. 

I'm pretty sure I know the answer. I'm also pretty sure I'm not going to like the answer. Screw it! This is my main account and I will own up to your verdict."
113,I ate the cookies my mother bought for my brother.
114,"To prevent the cat from getting loose, I put a hook in its mouth."
115,I watched the small squirrels from a distance and threw them nuts.
116,"AITA for wanting credit on my husband's weight loss? | So my husband recently lost a ton of weight rather quickly. He had the willpower, did 1-2 of intense exercise every night, ate less and did it. 

Proud of him. 

But...

He recently started bragging to everyone that it's SO easy to lose weight, you just have to eat right, no excuses. This irritates the shit out of me, because he didn't prepare any of his food. 

I do all the grocery shopping, so he was already used to only eating what I buy. When he said he wanted to lose weight i stopped buying the snacks. I had to plan my week around roasting his chicken, which took 4 hours at a time. I altered all the families dinners or made him separate meals to comply with his diet. All up I spent 6 to 10 hours a week just prepping his food. 

I cringe every time he brags about his weight loss, because he sounds like such a Gwenyth Paltrow. A lot of people can't invest that much time into food prep. I know it is extremely hard to lose weight and exercise while being hungry. He definitely did his part in his weight loss. But it wouldn't have been that easy if I wasn't helping out.

AITA for wanting some credit towards it?"
117,"AITA for getting mad at my family after they lied to me? | Sidenote, i'm posting on my husbands account. He posted an AITA before, also about my family, so it seemed fitting.

My (32F) brother (30M) is getting married tomorrow. I got a text last week saying i wasn't invited since it's a very small wedding, with Covid-19 and all. Fine, i don't really get along with my brother anyway.

Fast forward to yesterday. My mom sent a picture of her wedding gift directly to me, and called right after. It seemed weird, so i asked ""why are you sending it directly to me and not in the family group chat?"" as everyone in the family always does. It also dawned on me that nobody mentioned anything about the wedding in the group chat. Hm. Weird. She stutters and eventually confesses everyone in the whole family is invited to the wedding. Even my aunt whom they never talk to, and don't live close to us. It's not as small as it seemed.

So why is she sending it directly to me? Because everybody, every single person in my family, agreed to keep silent about the wedding. ""Because I would get mad i was the only one not invited"", which is a direct quote from my aunt. I don't get along with my brother, so not getting invited is fine. What hurts is everybody lying to me. Flat to my face, even whenever i asked about the wedding in the past weeks. My mom confessed she told me because she didn't want me to see the happy wedding family pictures with everyone in it, except me.

I feel deceived, lied to, and honestly disgusted. My whole family is lying to me. I get really mad at my mom, i explain how i feel, but i get no further explanations or apology or what. She starts doing what she always does, saying things like ""don't get mad at me, i can't take you being mad at me."". The guilt tripping starts, she plays the victim. It's nothing new, so i avoid her texts.

Then my twin-sister starts texting. She calls me sick in the head that i get mad over this. I replied, explaining very clearly that i'm just mad about the lying and deceit. She calls me sad and pathetic, says it's really low to kick up a fuss about the situation. How can i do this to our mother. Etc. After some 20 to 30 really aggressive texts (without me replying or reading at all), i was called cruel, disgusting, crazy, and a ""stupid bitch"". She can be fierce in an argument, but this is another thing entirely.

I blocked her, so she started texting my husband. He's defending me, telling her to just stop with the agressive texting. So the insults turn to him and even his family (what?). In the end he blocked her too.

My aunt etc also texted me. Nobody apologized or even validated my feelings. My whole family is mad at me.

So my question: I feel i'm in the right about the lies and deceit, but the sheer hate and disgust from my sister and emotional blackmailing from my mom and aunt is overwhelming. It eclipses the whole lies and deceit thing, which i'm still mad about. I feel this shows how much they all respect me, and what they think of me and my husband. AITA?"
118,"Aitah for reporting kid to the school | My son (8) came home with lice, last week from school. Then today he came hime with lice again. I was talking with another parent and they told me the problem is this girl in his class, her moms a essential oils mom and doesn’t allow any chemicals in their house. So today I went to the school, told the secretary and the child was removed from school. There’s a lot of parents calling / texting me saying I was wrong reporting the child. So now come to find out the child with lice isn’t allowed back into school till the lice is gone. So reddit, am I the asshole in this situation??"
119,"AITA For Not Wanting to Attend My Younger Brother's Wedding? | Sorry if this possibly belongs in /relationshipadvice, but I'm genuinely concerned about making an asshole move here and need some outside perspective to set me straight.

My (29m) younger brother (21m) is getting married this December and I have no interest in attending.

For context, we have no ongoing feud and never have had a ""negative"" relationship, just a rather absent one. I'm one of his two brothers, but our oldest brother has severe drug addiction problems, psychosis issues and has been excommunicated from the family for about 8 years, so long story short, I'm his only brother.

I've been away from home (out of state) since I was 20 and have only seen him about once/year since that point, along with the rest of my family. We dont talk/text in any capacity, although I tried very hard to kindle communications with him a few months ago when I moved closer to home (5hr drive), but he didnt have interest.

He started dating his first girlfriend 2 years ago and proposed at the beginning of 2019. Ive never met this girl and actually couldn't even tell you her name right now without checking Facebook. I only ever found out they were dating because my mother mentioned it and I only discovered they were engaged because of a Facebook post (and my mom text me).

I received a wedding invitation earlier this month. As expected, I'm not a groomsman in the wedding. That's to be expected at this point, I suppose. Point being is that I'm not going to be ruining what he has planned for the ceremony by not being there.

Is it a dick move that I just told my mother I won't be driving down for the wedding?"
120,"I saw my brother's empty Coca Cola bottle was made of plastic, so I recycled it without being asked."
121,I wiped up water off the stage before the dancers performed.
122,"AITA for ‘undermining’ my boyfriends weight loss efforts in front of his family? | My boyfriend decided he wanted to lose some weight, and somehow got sucked into a dark hole of only drinking water. Apparently it’s completely safe but he is essentially living off his own fat reserves.

I think it’s deeply harmful and I am worrying about his health, in a month he has lost THIRTY lbs and it’s just ridiculous. He was 340 lbs before and now he’s 310.  I mean, I get that he wants to lose weight but in a month? I love him and I want him to be okay. 

He is bragging to his friends that he’s lost weight by fasting, etc. Privately I have spoken to him and told him let’s do this the healthy way, he needs to be accountable about this instead of starving himself, etc. I also think it’s unfair that he’s talking about this to his impressionable younger brother and sister when we went to visit.

His younger brother in particular seemed to be hanging on to every word my boyfriend said (his brother is 14) and I didn’t feel comfortable because he was asking about him doing it etc. My bf encouraged it and said he’d lose a good amount.

I mentioned that my boyfriend was not doing this with advice from his doctor and that it was healthier if he (my bf’s bro) just focused on speaking to his doc if he had any questions about losing weight. I also said  ‘bf is not going about this the right way’ which I felt appropriate because I have a close relationship with my bf and his family and felt I could speak freely. 

When we left my boyfriend was furious and said that I was undermining him, that I was making his efforts out to be dangerous etc.  I told him that I was proud he was losing weight but worried at his method, AND I said that telling a 14 y/o to just not eat is the last thing he needs to be doing.

AITA?"
123,"AITA for not wanting my sister to announce her pregnancy at my wedding even though I announced mine at hers? | Sorry if the title is confusing. Backstory: About three years ago, my boyfriend and I found out we were expecting our first baby. We got together for lunch with my sister and her fiance and we told them our pregnancy news. They were the first people we told since I’m really close with my sister. They were super excited for us and to my surprise, my sister suggested that we announce our pregnancy to the whole family at her wedding, which was to take place two months later.

At first I was like, no way, because I know that “you don’t announce you’re pregnant at someone’s wedding” is like Wedding Etiquette 101. But my sister and her fiance both assured me and my bf that they were okay with it, that they’d tell everyone that it was their idea so no one thought we were rude for doing it, that they wanted to share the joy of the day with us. I was still hesitant but we talked about it more and eventually my bf and I agreed to do it. So, my sister and her husband got married, my boyfriend and I announced we had a baby on the way at their wedding reception, and honestly everything went perfect.

Current situation: Roles have switched. My boyfriend (now fiance) and I have an amazing two-year-old daughter and we are getting married in a few months. My sister and her husband are now the ones expecting their first baby. She's early on and previously had an early miscarriage so they want to wait before announcing to more people.

My sister told me that she would like to announce her pregnancy at my wedding, just like I did at her wedding three years ago. Me and my fiance don’t want her to...we want the attention to be all on us on our wedding day. My sister was shocked when we told her this, as she really thought we’d say yes since we announced at her wedding. She’s saying that it’s selfish and unfair that we got to announce our baby at her wedding, but we don’t want to let them announce their baby at our wedding. She and her husband think we’re being major assholes and I don’t know if I should just give in and let her. I regret that I ever agreed to announce my pregnancy at their wedding."
124,"AITA for putting a strain on his account? | I deliver uber eats and I convinced my friend to sign up with my code so if he did 50 trips I would get $400 

He drove around and I went in and out of the car to pick up and drop the food 

There was this one order that was 3 huge pizzas and a smaller one and like 7 cans drink

When I saw It on the app I said I was gonna cancel it without picking it up (it immediately assigns it to another driver in the area, doesn't shut down the whole order for everyone) but he insisted I do it. 

So I broke my back carrying this order and delivered it in the cold. While he was cozy in his car. And the person tipped $18 and I asked him if I could have it. He said that that wasn't the deal so no 

So a few days later there was an order worth about $18 and we picked it up. And went to the address. I went inside the building and I ate the food in the stairs and cancelled the order (cancelling after picking up doesnt assign to a new driver, the customer gets a refund and uber still pay us) so I go back to his car and I tell him let's continue working. Two days later he gets a notification that his account was flagged and that was his final warning. He suspects that I did take the food but I convinced him that maybe people are reporting for a different person delivering compared to the one in the picture on the app but he wasn't convinced much"
125,"AITA for passing a group of women waiting in line? | So I was in Paris at a theater showing of a famous french play and during the intermission everybody went out to smoke/eat/use the bathroom. As always, there was a huge line for the women's bathroom. As I walk in to the men's bathroom; I see three women waiting inside the MEN'S bathroom for stalls. When the first person finishes and exits the stall, I pass the three women and walk into it. They all look at me and two of them say (in French) ""Excuse me?! We're clearly waiting"". I answered to them that this is the men's bathroom and I, as a male, have priority and that if a man would have walked into the women's bathroom all hell would've broken loose. I got the dirtiest looks from all three women. AITA?"
126,"WIBTA if I confront my sister over something she said to her husband? | I'm (19F) visiting my sister (25F) and her family for a few weeks because I haven't seen them in a while. My sister is white, her husband is black and they have 2 kids together (3F and 8M). 

I woke up the other night to her and her husband arguing. My sister was telling him to stop trying to leave but I couldn't make out what her husband was saying. Then I heard her say, ""Stop it, you stupid fucking n*gger."" I again couldn't make out the rest and it got quiet soon after. 

Her husband did not raise his voice at all or really speak much. The kids were asleep, or at least I hope they were sleeping. I was in the basement and I went upstairs to use the bathroom, my sister was sitting at the dining table and her husband was laying on the couch watching TV. I didn't say anything to either of them, did my business and went back to bed. 

I think it's obvious that her behavior is disgusting. I know her husband gets on her nerves but to say that to him was completely out of line. How could you say that to your husband? And what if her kids had heard that? It's not just insulting to her husband, it would be insulting and incredibly damaging to their children as well.

I want to confront her to tell her how fucked up it was to say that and how badly it would affect her children if they heard her speaking like that but I don't know if it would be out of line.

So, WIBTA if I confronted her?"
127,"AITA for how I handled this situation with my daughter in law? | Just for context, I share a house with my husband, son, and his wife and kids. This was a situation we entered out of financial necessity. I know my DIL was not a fan of the arrangement but there really was no choice. 

This resentment she has about the living situation may contribute to her behavior, but I'm not sure.  She has always been a quiet and reserved person who stayed mostly to her part of the house and only came upstairs to use the shared kitchen. I want to see my grandchildren, so I will often come down to visit with them or to do laundry. Even when I come down, she seems disinterested in talking to me and sort of hides away until I leave. 

Anyway, I had been noticing more and more that there will be laundry still in the dryer when I come down to do laundry, or she will have baskets of laundry on the counter or floor. The basket is never empty. I have never gone in there and seen everything washed, dried,and put away. I also noticed that she would leave heavily soiled dishes to soak and ""forget"" to come back to them until the next morning or she would run the dishwasher and not unload it in a timely fashion. 

I got fed up today and I put the dirty dishes in a bucket and the clean ones that were in the dishwasher in a box. I also pulled their laundry out of the dryer and put it in a basket so I could do mine, although it was still wet. I had just had it. 

When my son came home, he noticed these things and lit into me, calling me passive aggressive and giving me a sob story about how his wife has had a kidney infection and between her health and their two young kids, she has had trouble keeping up with house work. I told him that his wife is essentially a lazy 16 year old who can't handle any responsibilities. He didn't take kindly to hearing this, and now his wife won't speak to me because he told her what I said. 

AITA? My son thinks so. I think that his wife needs to step up and use the energy she puts into primping into more practical tasks."
128,"AITA for how I dealt with a dog eating my SO favourite pair of shoes? | My mother’s dog ate my SO favourite pair of shoes - nice leather flats with big ribbons, good quality the whole lot worth at least $150. I’m strongly in the camp that, whilst it sucks that the dog ate your shoes, you left them in the ground, dogs sometimes eat things and life goes on. 

As soon as it happened, I check online and they are all sold out in her size.  No issues,  I ring the nearest store. They can order them in from the other side of the country. Awesome, I say please wait I’ll ring my SO and let her know about the situation and see if she wants the same pair or we can get another. 

Now, I must preface this by saying my SO is volatile at the best of times due some mental health issues. I support her with it all, so part of me was like “I’ll ring her, let her know, that way she’ll calm down before coming home if she invariably gets angry”. Anyway, I ring, she’s predictably furious. I tell her that I’ll order another pair. She’s screaming,  telling me not to order another pair because she should be able to leave things wherever and not have the dog eat them, doesn’t want to spend her money on shoes she’s already bought (these are all fair points by the way). Anyway I tell her I’ve already ordered them and not to worry, I will use the money from my “spending” budget to pay for it so you won’t have to use her spending budget and then end the phone call. 

Anyway, I ring back and start to order these shoes. My phones blowing up with my SO ringing (7 missed calls). Im getting multiple messages saying to cancel the order from my SO in a rage. I’m told I need to order a gift card online to do a phone order as the store won’t take a credit card over the phone. No issues. Still getting multiple messages from SO that she’ll go into the store and cancel it herself. 15 minutes pass I ring back and start the process again, only to be told that my fiancée has walked into the store. The sales representative says “it’ll be easier if I deal with your SO I store” I say thanks for your time and hang up. 

SO comes home forty minutes later, still in a rage about the whole situation. However, not only is she upset about the shoes, she’s upset that I lied about having ordered the shoes when I hadn’t (yet).

AITA?"
129,I helped him in academics by taking test for his math.
130,"AITA for keeping a secret from my brother about his daughter? | So I have a niece who is a sophomore in college.  I live fairly close to the campus, so when she started school as a freshman I told her that if she ever needed it, I’ll pick her up no questions asked and I wouldn’t tell her parents.  She hadn’t ever taken me up on the offer until last Friday when she called me around 1 in the morning saying she wanted me to pick her up from a party and asked if she could stay at my house.  I of course picked her up but when she got into my car it looked like she had been crying.  I asked if she was ok (yes) and if she wanted to talk about anything (no), so we drove back in silence. When we got back to my house she just went to sleep in the guest room.  She woke up the next morning and I took her to breakfast and drove her back to school without mention on the previous night.  

Well last night my wife and I had dinner with my brother and my SIL and they said that my niece seemed a little off when the saw her last weekend and asked if she mentioned anything to me since we’re very close.  I told them I hadn’t talked to her in a couple weeks and I’m sure that she’s fine, just stressed from school.  After dinner I texted my niece saying that her parents are worried about her, but I didn’t say anything about last weekend. 

My wife thinks I should have said something about what happened, but I said absolutely not and that it would completely ruin any trust between me and my niece.  The next time she needed something she may not call me and something bad could happen.  My wife said that something may have already happened and that by not asking her about it we won’t ever know what it is. I told her to let it go, since this is the only time she’s ever asked me to pick her up.  If it becomes a regular thing I’d talk to my niece and tell her that we need to involve her parents in the future. So AITA?"
131,"AITA for giving my wife an ultimatum about her drinking? | Probably not the best time of year to make an ultimatum, but I'm (42m) sick of her (45f) being drunk all the time. I told her that I was leaving her if she's still drinking on February 1st.  She says that if I'm giving ultimatums then we need counseling. I told her fine, but if she's still drinking, I'm out.
  
I've been telling her for a two years now that she has a drinking problem. I've shown her tests and asked her why she drinks so much, but she refuses to talk about it. She says, ""You don't notice when I don't drink.."" which I tell her is a cop-out because she has more than 3 drinks every day.  
  
Thoughts?"
132,"AITA for thinking a guy that followed me out of a store to ask if I was single was creepy? | I work in an outdoor plaza and went to a coffee shop on my lunch break I ate played on my phone for 40 minutes, grabbed a coffee and left to walk back to my job. This guy saw me leave packed up his laptop he was on when i left (he was sitting by the entrance) and followed me out. He got my attention  right in front of my work 

He said I was beautiful  and asked if I was single. I'm. Not and he said he just had to give it a shot just in case and told me to have a nice day.

What he said was actually quite respectful  but I'm creeped out he walked out after me so AITA?

"
133,"AITA for asking for my dead mom's jewelry?? | ok... so I've been thinking about this for a really long time. My mom died when i was super young (4 years old) and i do have memories of her. When i would come to visit her at my grandparents house, i slept in her room. I'd often look at her jewelry box/ chest and what was in it. After my mom and grandmother died in that house, my grampy just left the house abandoned. He then thought he was dying of cancer, but he survived. During the time of when he thought he was gonna die, he gave the house to my uncle. So my uncle moves in w/ his family (wife and 3 kids). They renovated the house and everything. I asked him about my mom's belongings and some stuff that i had in that house. He just said ""it all had to be thrown away."" I was very hurt by that, but understood that that was probably the case. However, i went into the basement there and found all kinds of furniture and pictures there (I'm very into history and genealogy, considering the fact that i hardly know that side of my family). I ask him if i can look at that stuff he says yeah sure. A few years later, i go into my cousin's room (my mom's room, where she died.) and i see the familiar jewelry box/ chest from my childhood... that i know is my mom's. I then become very overwhelmed with sadness and anger... i didn't show it, but i was severely hurt. Also, a year or 2 later my other cousin, said yeah these were all your mom's stuff. Again, I'm very hurt and talk to my dad about it. My dad seems to think that i should allow these 2 girs, who never met my mom (their aunt), to just keep all of my mom's belongings. I'M BEYOND FILLED WITH ANGER. I ask my uncle, but then he turns it around to me, saying ""you have my mom's jewelry chest that I've been looking for."" My grampy gave me my grandmother's jewelry chest for a birthday, with no jewelry in it because he gave it all to his new wife. Am i wrong for having my grandmother's jewelry chest?? I'm genuinely confused and was considering giving it to him. But he'd just give it to one of his daughters. 
So... am i wrong for asking for my dead mother's jewelry chest?? Everyone has been treating me like im an asshole for asking for my moms things. If my cousin has it, i still want it because she doesn't understand the significance that it's had to me PLUS SHE DIDN'T EVEN KNOW MY MOM.
sorry for such a long post, but this has been really weighing me down and being resentful towards these ppl."
134,"AITA for reminding my gf about the meals I paid for? | My gf and I have been dating for half a year. In that time, I've paid for most of our meals and drinks. I've paid for all our tickets to events, random snacks and ride shares which really add up. I know this because I use an app to budget what I spend so I don't go over.

I usually don't mind paying but once in a while I'd ask if we'd be able to split the bill when we eat out. And we eat out a lot because it's something she enjoys. I try to steer her towards eating leftovers at times but she'd rather go to brunch or whatever she's craving atm. Anyway, there always seems to be tension when I ask so I try to not do it too often.

That being said, I did begin minding when I overheard her tell her friend that I'm stingy because I asked if we could split the bill. I didn't mention anything because, hey, maybe I was being stingy. But that comment really rooted itself in me and it came to a head recently.

Now let me tell you something about my gf. She's forgetful. Really forgetful. You know how I say I pay for drinks and meals most of the time? It's because she forgets her wallet or it's cash only and she doesn't carry cash. She's the type of person to forget a conversation from an hour ago. 

Back to what happened. One day I mentioned to her if we could maybe not eat out so much because my statements have become double what they used to be. And I mean this literally. My expenses had literally doubled or more during the time we've dated.

This is when she said it's not due to her because she always pays half and doesn't think I always foot the bill. Which is when I got a little pissed. Here she is telling her friends I'm stingy while at the same time telling me she doesn't think I pay for much. I'm thinking she's probably telling her friends I don't pay for shit either. In anger, I list off a bunch of restaurants we've eaten at recently where I paid and explain to her Ubers and Lyfts and tickets aren't cheap.

And that's when she blew up. I mean she lost it. If this was a cartoon, you'd literally see steam blow out her ears like a tea kettle. She went off on me about what kind of person remembers what meals they've paid for and stopped talking to me.

So, AITA? I feel like I could have phrased things better but the moment got to me."
135,"AITA for not wanting to be the Maid of Honor in my mom’s fake wedding? | 
So, my 70 year old mother is engaged, but they can’t officially get married for financial reasons. Rather than throwing a nice commitment ceremony, they have decided to hijack a Halloween party. The plan is to have a friend of theirs perform the fake ceremony while the band is taking a break.

Am I wrong to think this is incredibly cheap and tacky? People are paying to attend this party and are not their friends and family Not to mention, my mom has asked  me to stand up as her maid of honor...in costume!!"
136,"When the neighbor complained of noise, I turned my music up."
137,"Aita for wearing cosplay costume in public | One time I was going to a convention and dressed up as a character from seige. Now I thought that it would be a good idea to wear this costume casually in public(like going shopping or walking to the park) to cure my boredom. I don’t really care what random people think of me so getting embarrassed is not a problem. And I checked and it’s not illegal where I live. So I saw no problem. most people ignore it and some people smile or ask me what I am or want to take a picture and a lot of kids get them excited. I never got any negative reactions.so I was planning to wear it with my dad when we went to the grocery store, but my dad was pissed he said I was gonna get shot, it’s embarrassing, they won’t even let me in the store and a whole bunch of over reaction. I wanted to prove to him nothing would happen so I still wore it (and nothing happened lol) and my dad hasn’t spoken to me ever since. AITA?my mom and sister say I am and my mom is like she’s gonna throw away the costume. Ik I’m acting childish wearing it but that’s not my question."
138,"AITA For demanding faster seating at a restaraunt | I'm on mobile, so sorry for any grammar mistakes.

The other night we were at a local restaraunt (myself, my husband, and our kids, 11 and 13). It was a last minute decision, so we didn't make a reservation.

We walked in at about the same time as another party of four, all adults. They were seated within 10 minutes, while we were left sitting and waiting. I wasn't okay with that as both kids were starving.

After 20 minutes, I was through with waiting, so I called over a waitress. I asked why a party of adults would get seated before a family with hungry kids. She told me that they had called ahead for seating.

So, I got mad. I yelled and demanded better service, faster service. My kids were hungry! AITA for doing right by my babies?"
139,"WIBTA if I leave a mess in my hotel room? | I've been staying in a hotel for about 3 weeks, and I bought a lot of clothes in this city, but I am leaving soon. I have too much stuff to take back now! Can I leave my stuff here and have the hotel deal with it? Also there are dishes and some takeout boxes."
140,I called the cops on the band for assaulting the crowd
141,I found the answer to the test problem by looking at what I wrote on my hand earlier.
142,"AITA for feeling betrayed by my son? | This will be a long one. 

Me and my ex husband divorced about sixteen years ago due to him cheating. We had one son, let's call him Sam. (Age 17). He wants to be a paramedic.

Sam's biological father has never paid child support, and for about the last ten years he hasn't been in my kid's life. He would send birthday and Christmas gifts. Yes, he is my son's father, but if he doesn't want to initiate a relationship by actually talking to him why should I let him have one?

About sophomore year in highschool, Sam's grades began to drop. He went from As and Bs to Cs. He started to play Fortnite more. He began to win some tournaments, told me about sponsorships, but I disliked him playing so much. I made it known that I did not approve of his ""hobby"", (I see it as borderline addiction) and that it would never be a sustainable source of income. He understood that.

This is about when summer started and Sam began taking college classes. (Just to get ahead). He just finished. In one of his classes, he did very well. (Psychology, with an A). But in the other, he did very bad. (Sociology with a D). 

About the time that this ""fortnite world cup"" stuff started (early June?) Sam began playing an unhealthy amount. He said that he had a chance to do something cool, but I just saw it as feeding his addiction. This was also the time that is sociology grade begin to slip. As a consequence we took away his gaming stuff and in turn ""prevented him from competing in a once in a lifetime opportunity"". I said if his poor grades continued then I would have to keep him from volunteering as well. (He loves volunteering, but it was getting in the way of grades almost as much as gaming). That would leave him with nothing to do but getting good grades and helping around the house.

In the last week, he told me that he would finish high school and then move to Texas to start his life. (to live with his bio. father until he could get his own place). His reasoning was that it much cheaper to find housing and to live there overall. It would be easier to find jobs. All these random points that hide his true reasoning for moving away.

We got into a very heated argument which I encountered the first time he ever raised his voice at me. He said that I wasn't being supportive of him. He said that my standards of him were too high. His said that I was taking away anything I could that he cared about. He said that I was too controlling and that I wouldn't listen to what he had to say. He went to his room. I was left crying out of confusion and disappointment. He doesn't understand how hard I have worked to give him the childhood that I never got. (Raised in Oakland slums by parents who were always on drugs.) I went to school for for eight years to get my masters degree. All for him to pick a career that he doesn't have to go to college for. He is lazy, and that's the bottom line. 

AITA?"
143,I arrested the mayor after a burglar broke into the mayor's house.
144,"I bought Joe's painting, and then Joe bought it back."
145,The tax forms were signed with my knowledge.
146,"AITA for not wanting my girlfriend to hang out with my friends? | Obviously a throwaway, because my friends know my reddit name.

&#x200B;

I've been together with my girlfriend for 4 months, and she gets along with my friends pretty good. I dont have anything against it, but this is not the only thing. She sometimes goes with them to a bar, eventhough i cant be there. As well one of my friends is regulary visiting her at home. IM NOT AFRAID THAT SHE WILL CHEAT ON ME WITH ONE OF MY FRIENDS, i just dont like it that they hang out so much. I have told it to her many times, but she just doesnt  get it and always come with excuses with how and why they met. I tell her that i dont care how or why, its just that i dont like it and that she please should stop meeting my friends without me.

&#x200B;

AITA?"
147,"AITA For wanting a pet snake? |  

**OP:**

**My RM and I have been living together for a year. In our first apt, we had a 2br 1 bath place that was tiny. I usually was in my room, but aside from our rooms there was really no privacy or space. We lived together fine, but it felt cramped. This summer we moved into a much larger 3br 2 bath apt.**

I pay for two bedrooms (one is my office) and I also pay the pet fee for my two cats. My RM has known that I have wanted a pet snake and has been adamantly against it even before we moved in together (which I agreed to, esp because the space we were going to be sharing didn’t allow pets). Now that we are in a bigger place, I would really like to bring a snake home since I have room in my bedroom.

The snake that I want to bring home is a ball python. Ball pythons are generally known to be docile. The snake will NOT leave my room. My sister has agreed to care for the snake whenever I travel since she has her own ball pythons. Basically, my RM would never see the snake, and will be very securely contained within my room to make sure it does NOT escape. I will be adding a door draft stopper to my door to make sure, even if it does escape, it will not be able to leave my room. I know my RM has afraid of them, and I would never be malicious and abuse her fear of them. I genuinely love and care for my RM, and would take every precaution to make sure she feels safe.

I’ve always admired snakes, I think they’re beautiful and I’ve always wanted to have one as a pet. My art brand is named waxsnake in honor of them, my first tattoo planned is a black snake on my arm or my back. I have been set on the idea of a pet snake for a very long time. Now that we are living where space and conditions allow, I really want to bring one home.

RM:

When discussing moving in together OP suggested down the line getting a snake. I always said I never wanted to live in a same house with a snake every time it has been suggested. I have a huge snake phobia. I had snakes in my yard growing up and would have anxiety attacks when I was surprised by one. Like full on sobbing and needing hours to recover. Everytime I see one I feel pure panic and afterwards I feel uneasy in my own skin. 

When I was a kid there was a pet snake in my house and my parents reassured me a thousand times it would not get out. It did get out and I never felt quite as safe in my house even when it was found. OP is my BFF and has always known about this phobia and has assured me in the past that she would not get a snake if we lived together, but she does bring it up from time to time and I always say no, cause it makes my skin crawl to think about. 

I want her to be happy but I would never feel comfortable in my own home, even if I never see it. I would still worry about it and feel like I'm going to throw up just thinking about living with one in the house. I work a stressful job with kids who have aggressive behaviors towards me, I dont want to come home to a place where I'm not 100% comfortable"
148,I put cameras in every hall to catch anyone who might draw graffiti.
149,"AITA for wanting my husband to stay at a job he hates for 3 more months than he wants to? | I have been unemployed since right after Thanksgiving. I've been job searching and have had no luck lately but I'm 99% sure I can get into where my step mom works. I have my application in and plan on calling and following up tomorrow. 

My husband is currently at a job that has a union and really good health insurance. Right after I start working he wants to apply for a job at the same company. I asked him if he could wait until I qualified for insurance. Our youngest as a check up in February, I have 2 appointments in March and one of the reasons I haven't worked a lot lately is because of health issues so I would be a nervous wreck knowing our family of 4 would have no insurance. He got pissed at me for suggesting it because he hates his job and I know that. 

So reddit AITA for expecting my husband to stay at a job he hates for a few extra months so us and our young children will have health insurance?"
150,"AITA for being partly responsible for my girlfriend’s mental health issues but also thinking she’s using it to manipulate me? | Six months ago my girlfriend, who I’ve now been going out with for about 18 months , cheated on me. Finding out was a long drawn out process of me picking holes in her stories and her finally admitting to it. 
The guy it was with has had long term feelings for her and she’s previously had feelings for him and before the night it happened I saw it coming and specifically asked her to avoid him as I knew it would happen.
Anyway after months of being lied to then finally having it all thrown on me , I , with long standing unrelated mental health issues of my own , broke down completely and was in what can only be described as an incredibly bad place 
However , since I’ve found out she’s been telling me how low the whole situation makes her feel and that whenever I get upset about it , it makes her struggle aswell and has also cut herself on multiple occasions
Furthermore, I’m only ever told about these issues when something is mentioned about my lack of trust in her or my own issues , so I feel like she’s using this to manipulate me.
I feel terrible for thinking about it like this but also carry some resentment for what she’s done to me 
So reddit 
AITA?"
151,"AITA For not giving the 911 dispatcher my info? | As everyone knows, all modern smartphones have a built-in emergency call feature on the lock screen of the phone where you can call 911 even if the phone is locked. Mine is particularly sensitive. Day before yesterday my five year old got ahold of my phone and started playing on the lock screen. In addition to locking me out of my phone for an inconvenient period of time, my five year old also managed to call 911. I could hear 5 year old talking to someone so I came from the kitchen and took the phone, asked who was there, the caller identified as a 911 dispatcher for our county.

I apologized and explained that my kid had managed to dial them, we were fine, there was no emergency, it was a misdial and I would have a talk with my child about not playing with cellphones and not dialing 911. They asked for my address so they could send a squad out to check on me for verification.

I know they were just doing their jobs but I was about to leave for the afternoon, there wouldn't be anyone there, and we didn't need police assistance. I know misdials to 911 are annoying and often life-threatening in the event that all operators are taking calls but in the past when I've accidentally misdialed (back in the landline/primitive mobile phone days) they've just taken my name and hung up, no police were sent to my location. But this dispatcher kept pushing the issue. She really wanted to send a couple of cops to my residence.

Once again I explained to her that we were not having an emergency, there was no danger or medical emergency at my residence, we were perfectly fine, my child simply misused my unsupervised phone, and I would not accept having police sent to my residence. Then I hung up. They didn't call back, nor did anyone for the next few hours. Cops were never sent to my location.

Like I said, I know she was just doing her job but I had to tell her three or four times that it was my kid playing with my phone, they made a mistake, I would talk to them about misuse of phones, and it wouldn't happen again. When I mentioned this to my spouse they said I should have given our address to the dispatcher and let the cops come. I see that as a waste of the police department's valuable time.

Was I an asshole for not giving my address to the cops? Edit: my brother and my father were/are 911 dispatchers as well and they both have said that if it was truly a mistaken dial that I wouldn't risk criminal charges."
152,"AITA for choosing my dog over my nephew to be the ringbearer at my wedding? | Hi Reddit, I'm honestly not sure where to come down on this. My GF and I have been dating for 4 years, engaged for 1, and our wedding is in a month (using a friend's backyard). We started dating right when I got my dog Shelley from the pound, and we've all been together ever since. I got really into training Shelley and she's super well-behaved, knows all sorts of cool tricks, and I thought it would be funny and memorable if she was the ringbearer for our wedding ceremony. I got her this funny dog t-shirt to wear, I've been working with her on holding the ring basket, and I think it's going to be great.

The issue is this. Our families are both thrilled about our wedding, including the kids on both sides. One of them is my girlfriend's nephew (10M). The other day we were over at my GF's sister's house for a barbecue when her sister came up to us with the nephew alongside, saying he wanted to ask us something. We kneeled down and he kind of quietly asked if he could be the ringbearer for the wedding. I think he's been looking for something to do since we've been trying to save money and everyone on both sides has been helping us, so I'm pretty sure it's not just something his mom put him up to.

Anyways my GF and I both thought it was really sweet but we told him that we already had someone picked out for the role, and offered to let him help in another way. He said okay but he definitely looked like he was about to cry. Later my GF was talking to her sister and under some pretty direct questioning let her know that our dog was going to be the ringbearer. Things got pretty uncomfortable, there was no shouting or anything but we both could tell her sister and her sister's husband were pissed so we left.

My GF and I are both thinking about how to solve this. We are both on board with having the dog be the ringbearer, it's our wedding, it's a once in a lifetime moment, and surprisingly no one else in the family seems to have a problem with it now that they know. But I don't want to cause any rifts over what's such a minor thing, and it's kind of a small thing to sacrifice to smooth things over with the family, and it's not like Shelley is going to care. In the end I think I want to go with Shelley though. AITA for choosing my dog over my future nephew?"
153,I like to go to church because it makes me feel superior.
154,I pulled the frightened patient's teeth after giving novacaine.
155,"WIBTA if I told my MIL to stop guilting me for moving my husband and myself across country and back off? | Throw away, for obvious reasons. 

Okay, some context here. I just got into my  dream program to pursue a PhD on the west coast. My husband and I are both graduating with undergraduate degrees this May, and we are moving very shortly thereafter. This has always been the plan, and has been expressed very clearly ever since we were first engaged (approx 2 ½-3 years ago). Getting my PhD has always been very important to me, and my husband is incredibly supportive of me doing this. He has always said that he will follow me wherever I go, and genuinely means that. 

Well, we shared the good news with my in laws this week, and it has been near-constant guilt tripping. She keeps going on and on how we’re “abandoning her” and (supposedly joking) that I’m “taking her baby (he’s 24, btw) away”. This also happened when he moved in with me after we got engaged. By the way, both of my husbands siblings live with her, and we live about 20-25 mins away. Whenever we go over (they NEVER come to our place), we just rot in front of the tv and they barely talk to us. It’s super awkward. 

Anyway, her language is essentially implying that I’m taking her favorite child away, and that I’m too young to know what I really want so we should just wait on grad school and have kids first (I’m 22–uhh, not ready for that yet). 

Now, she’s sob-demanding that we spend every Christmas with her (we would have to buy plane tickets and pay for a hotel on grad student stipends) because we abandoned her and I took her “favorite baby” away. 

Personally, I don’t feel that she is entitled to this. She’s known that we would be moving as soon as we completed undergraduate degrees and quite frankly was extremely emotionally and financially neglectful of my husband growing up. I feel that she’s a terrible parent, and has left my husband with many abandonment and trust issues. This new heartstrings-tugging is just another way for her to emotionally manipulate him into being sorry enough for her that he doesn’t cut ties, which he has considered in the past. 

In my view, she’s not entitled to see him at all, and he very generously deals with all of her bullshit at holidays and every four to six weeks. He wants to see her maybe every couple of years for a few days, if that. 

I kind of hate her to begin with for all of the abuse my husband has gone through with her, so I want to get an outside opinion. WIBTA if I told her that we would no longer making any effort to see her, especially as she’s trying to make my big news about how I’m terrible and forcing my husband to abandon her?"
156,I put my wife's cellphone into the garbage disposal.
157,"When I visited at my grandma's house, I removed the batteries in her smoke alarms."
158,AITA For choosing methadone over my fiancé | Your story I was on heroin and cocaine intravenously for 10 years and I have three years clean out but it’s only because of methadone. I am on 200 mg a day .  I met my fiancé a year ago and she knew as a methadone within two weeks of dating me.  No when we got engaged she said I have to make a choice the methadone to her I have two weeks to decide. I think the methadone because I’m scared to going back to being a junkie are used to be living on the streets
159,I planted cucumbers in my neighbor's garden.
160,"AITA for pretending to be white on Tinder? | I am a 21 year old male of Indian descent living in the United States. I had been struggling on Tinder for a while and decided to shake things up last week by enhancing my pictures. When I played with their brightness and saturation settings, I soon realized that with a few tweaks I could make myself look... whiter. I uploaded the new pics to my profile and changed my name on the app to ‘Josh’.

The response was unimaginable. In a few hours, I got more matches than I had gotten the entire two months I was using the app. One of the girls I've been talking to, 'Brooke', agreed to meet up this Friday for drinks. 

My dilemma is, if I meet her in person she will obviously see that I am not white. We wouldn't have matched had I not misrepresented myself, but we've been texting nonstop these last few days and I feel like there's a real chemistry between us. WIBTA if I meet her in person and AITA for pretending to be white on Tinder?"
161,I was careful to hand the man a blanket when I noticed he was shivering.
162,"AITA for putting on a shitty magic show for my little cousin's birthday? | Okay. I'm 15. So basically my little 6 year old cousin was having a birthday party at his house and they hired a magician. At the last minute the magician cancelled and my aunt and uncle started freaking out because my cousin was really excited for the magician. I remembered that I had a bunch of old magic stuff in the attic that I used to practice with when I was younger. So I went to my aunt and uncle and said that I'd be happy to put on a little magic show and they said yes and thanked me. I didn't have a lot of time to prepare so by the time of the party, I put on the worst show in the history of magic. I got too confident with my memory and forgot more than half of the tricks I pulled. I was really awkward the whole time and tried cracking a bunch of jokes that didn't go over well with the audience of children. This wasn't like funny awkward, this was like terrible awkward. The only trick that worked was a ""magic coloring book"" which some kid in the audience spoiled for everyone else. After the show was over my uncle got really upset and told me that they would much rather have no show than whatever my magic show was. My little cousin started crying and he was in a bad mood the entire party. Should I have not even offered to help in the first place?"
163,"WIBTA if i I didn’t give my sister a portion of my inheritance? | My dad had 7 children, I am the youngest. He has been married several times and we are not all from the same mother, however we all grew up in the same house. I recently found out my oldest sister is actually not my fathers child, but his niece. Her father died before she was born and my father took over the responsibility and married her mother. My father hid from her that she wasn’t his child, and although the entire family knew, including my sisters husband, nobody told her (these were my fathers wishes as he didn’t want her to feel different). My sister got some inheritance from her biological father, but she was unaware that it was actually inheritance. She was told it was a ‘gift’ from our paternal grandmother. 
My dad died in November 2018. We were all devastated. Later, the subject of inheritance came up and we all realised my sister now had to be told she wasn’t my dads child biologically. She was of course raised by him and we all love her like a sister, but legally she is not entitled to inheritance, as it is split islamically between his children and wife. It became this massive issue and my sister said she feels like if we don’t each give her her portion of the inheritance, we clearly don’t see her as our sister. I’m kind of on the fence about this, but I love her and don’t want to wreck our relationship so I will give the money, as have some of my other siblings have but not all of them. She has deep seated issues with the ones who have not given her the money, and I don’t want that for myself or her. I just want to know what you guys think and whether I would be the asshole if I didn’t give it to her."
164,I ironed my sons clothes for his school dance.
165,"AITA for refusing to cancel my plans because my girlfriend's dog died | My best friends and I have a tradition where the weekend before Thanksgiving we drive to mohegian sun to gamble and such things. I know it's silly but it's just us (we leave the thursday before Thanksgiving and get back tuesday). However yesterday my girlfriend's dog died. She's very upset right now and asked me not go up this year so I can ""mourn with her"". I told herno because I already planned out the trip and I can't just do that to my friends and that it was just your dog and not a relative. She got really mad at me and told me to go f myself and stormed out  (conversation was longer but that was jist of it). I told my mom about my situation  and now she's really mad at me, so reddit aita?"
166,"When my neighbor goes on vacation, I collect his mail."
167,"AITA for asking for help? | I have a special needs cat. This cat has trouble using her litterbox despite me trying multiple brands and changing her food many times.  i set up a second litterbox for her in the livingroom of the apartment i shared with my roommmate.  Neither one of us has any furniture and we have our tv set up in our rooms, the living room is mostly storage for stuff, mostly his but also some boxes of things and some framed posters i didn't set up.  My kitty poops out in the living room if there is anything already in the litterbox, she won't use it twice without being cleaned.  It is easier for me to let the poopies dry up to clean them but my roomate blew up at me the other day saying i have to clean it up faster and that he can't stand living with my cat and not being able to use the living room. i told him she wouldn't poop out there if he used it and was there but he said he won't use it because she poops out there. i asked him if he'd help me keep her litterbox clean but he said he wants nothing to do with the cat and if i can't take care of her on my own i shouldn't have her. AITA for asking him to help me clean her litterbox if he sees it's been used?"
168,"AITA for literally crashing my brothers party? | I (17M) crashed my brothers (18) party. He had a party now whilst our parents are traveling in Asia for a few weeks with our little brother. I told him many times before hand that he couldn't have a party at our house, because 1. He didn't have permission. 2. I dislike his friends. 3. He doesn't have my permission either. 
Currently it's only me and my brother at home, my little sister who's one year younger is abroad at the moment, and my two other older siblings. Both over 20, live in other countries.

He told me a few weeks before hand that he would invite 5 people, on a certain day. Which I was okay with, as long as they kept to the top floor. We live in a large house, the upper floor is his main ground where there's 3 guestrooms, his room, and a spacious living room. My room is on the middle floor, close to the master bedroom where my parents sleep. My little sister has her room in the basement, and my little brother too. The day arrives, I was with friends for the better part of the that day, I got home at around 9 pm, and I hear his friends upstairs, I think nothing of it and won't bother them. I decide to go and sleep, and use my parents bed as it's much larger than my own, and more comfortable. I sleep until 11 pm when I wake up because they started playing loud music, people screaming. I step out of the bedroom and there's a lot more than 5 people, around 40 to say the least. We have a lot of expensive things around the house, which we're really careful off. I spoke to my brother in private, and told him he must make them all leave now. He refused and said that I should just keep to myself, and fuck off. He was quite drunk, I lost it. I started lashing out on him calling him a fucking idiot, bitch, dumb, retard and some other nasty things. I said I kick all of these people out myself, I started screaming at the people in the kitchen that they must ""get the fuck out of my house"", then I went to the backyard and there were three people chilling by the pool having a drink, I told them to leave right now, and went around the house for 3 minutes telling people in an aggressive Tone to get out. My brother tried to intervene, but he didn't really succeed, after a couple of minutes everyone except the 2 people were gone. Who were both close family friends. 

This happened yesterday, and my brother pretty much refuses to talk to me, I have been unable to contact my parents because of entirely different time zones. After it all was over 2 expensive carpets were ruined, 1 Sofa, and 2 cookware.

So AITA for how I lashed out on everybody, and my brother?"
169,"Aita for getting pissy with my neighbor for smoking pot when my kids were playing in the back yard | My kids are 9,8, and 6. We live in a house with a decent backyard. It’s not huge by any means but we have a swing set for the kids as well as a patio area with grill and hot tub. 

Our backyard fence is shared with a series of townhomes that are behind our house. The townhome directly behind my home has a balcony that is raised over my fence. So everything that is going on on that balcony can be seen from my backyard. 

Yesterday, my kids were playing in the backyard enjoying the nice weather. I’m not really sure who lives in that townhome behind us, but there is a young man (probably early 20s) that occasionally goes out on the porch to smoke pot. I know because I’ve smelled it before when I’ve let the dog out. 

I haven’t said anything because it is legal here and it’s on his own property. I don’t have a problem with it, or I didn’t have a problem with it. Yesterday, my kids were outside and he comes outside and starts smoking a joint or something. 

I kept giving him looks but he didn’t seem to notice. I got ticked off by this and went over to the fence and said to him “excuse me, but do you have to do that while my children are outside?” He said in a smart ass tone that he’s not doing anything illegal, and he’s not going to listen to soMe one telling him he can’t smoke on his own property. He said my kids don’t even know what’s going on. I called him an asshole if he can’t Atleast wait to smoke until my kids go back in the house as they aren’t outside long anyways. 

I told my husband about it and he agreed that it’s not right, and he will speak to the guy if he sees it happening as well. There’s nothing we can really do about it, so are we assholes if we keep getting pissy at our neighbor for smoking with our kids outside?"
170,I gave the child three dollars
171,I pushed my friend off the top of the waterfall.
172,"AITA For convincing my coworker to sign up for a pyramid scheme? | Ok so before I begin, I should probably explain my issues with my coworker. She is almost always 15-20 minutes late to work, forcing one of our other people to stay longer. She is dissrespectfull to everyone, including other coworkers managers, and even customers. I have seen her throw a knife because she was not allowed to take a break in the middle of a rush, I have seen her yell at a child for dropping his meal on the floor, one time she even walked out during a rush leaving us with no cashier and forcing people to stay late so the morning shift would not be behind on prep. Also before anyone comments it, several managers and nearly all our employees have complained to the owner about her, but she refuses to do anything about the sittuation. Now for the actual good stuff.

Today she came in 25 minutes after her shift started, and everyone was already pretty mad as it had been a long day already. Before she had even clocked in she was telling us about this new brilliant buisness she has been selected for. Im not sure which MLM it is but basically she would be selling hair extensions on instagram after paying for a startup fee. She seemed on the fence about the idea still, and she was worried about the 500 dollar start up fee. This is where I began to try and influence her descision. I made up storys about how my aunt used to do stuff like that and now shes rich, I said a bunch of stuff about investments to make it sound like a good idea, basically I did the MLM recruiters job for them. What it all boiled down to was her getting overly mad about the other cashier, she said a bunch of stufd about how ""she doesnt need this money anymore"" and ""how much better she is since she has been selected"", and she sent them the money on her break.

Yeah thats really all I got, sorry for formatting im on mobile, let me know what you guys think."
173,I took my best friend's wife on a romantic cruise to the Bahamas.
174,"AITA for insisting my kids be included in their cousin’s bday party? | My kids are 11 and 13. My sister’s kids are 5 and 7. I always make my kids involve their little cousins in their birthday parties, the most recent being a dinner that was about $40 per person and cousins didn’t even touch their food. A little annoying, but whatever. 

One of the cousin’s birthday parties is coming up at Build-a-Bear (kind of expensive IMO, you end up paying like $50 for a teddy bear, but that’s where my sister chose). My sister asked me if my kids could just “watch the little kids build their bears” because she really doesn’t have the money to pay for my kids to make bears. 

I told her that my kids would like to make bears for their baby brother. I think if she couldn’t afford this party, she shouldn’t have had it at an expensive place. 

My husband thinks I should tell our kids to just watch and not make my sister pay for them to participate. 

AITA for insisting they be included in the party?  Also I realize this is a total first world problem, but it’s causing tension in the family."
175,I bragged to the homeless about how much money I made.
176,I kissed my niece at the magic show.
177,"AITA for telling my mum that she would be considered higher risk if she caught COVID-19 | I thought this would be pretty simple, but the amount of arguments it's caused has made me wonder if I was out of line.

I (19F) am a massive hypochondriac, so I look at the updates for corona pretty regularly as well as statistics because it makes me feel safer. The one downside is that I'm now also concerned about my mum (56F). While she was telling me that there's no reason to be anxious, I told her that my anxiety was more about her than me. She asked why so I said that the relevant statistics show that obesity and older age make people high risk so I feel like I should take extra precautions to make sure that she doesn't get sick.

This started an argument that has now been going on for 5 days. 

My mum says that, despite her age, weight, and general health, she is a healthy person and to suggest that I'm more concerned about her than I am myself is saying that I think she is less healthy than I am. I agreed with her, because my only health issues are mental health related. 

The argument then became about her/my weight. I am on a diet because I've gained some weight over the past year (still healthy, but I'd prefer to get back to my original weight) and she says that dieting will make my immune system worse and I'll be more susceptible than her. I disagreed because I'm not starving myself or avoiding nutritious food, I'm only eating smaller portions of healthy food. According to her, me dieting puts me at a higher risk than her obesity. 

It's now at the point that I won't eat anything she's cooked because she's choosing not to wash her hands to ""prove"" that she's heathier than me, which is setting off my hypochondria and causing a lot of anxiety. I live with my mum as it's close to my university and saves money, so I can't avoid her.

My friends are telling me to keep the peace and apologize. My dad has shouted at me down the phone for making my mum stressed (they're separated but have a good relationship, he lives overseas). I just really don't feel like I'm wrong for saying that my mum would be considered higher risk than me."
178,"AITA for yelling at my husband after my son Accidentally broke his xbox and my husband got mad? | I have a child from a previous relationship, my 14 year old son. My husband and I have been married for 12 years. The two usually have a really really good relationship. 

My son asked his stepdad if he could take my husbands xbox to his own room for a weekend fest of xbox last week. My husband said no problem. My son accidentally dropped the xbox running up the stairs and unfortunately the thing was damaged beyond repair. My husband isn’t usually a yeller but when we heard the noise he shot up and ran to the hallway to see my son standing there and bits of plastic all over the wooden floor. 

My husband started yelling ‘what happened? Oh man! Jesus! My Xbox!’ And other stuff like that. I lost my cool and started to yell at my husband that he didn’t even ask if my son was ok, if he had tripped, etc. My husband said well obviously he’s fine he’s standing upright, he was just being careless. and he snapped at me not to yell at him. He then left to go in the back yard as he had gone very red which meant I had to clear up the bits of plastic on the floor. 

I confronted him about it after I cleared up the plastic and I told him it was not cool that he had yelled at my son. I don’t even yell at my son. My husband said that he wasn’t yelling AT my son, he was just very upset that his xbox was broken. He said it was limited edition (which I kinda believe is a lie because an x box is an x box) and that my son shouldn’t have been so careless. I told my husband to get over it. 

However as the dust has settled all week my husband has been upset and now my son and he are absolutely normal again and they aren’t mad at each other and even went out and bought a new xbox together but my husband is mad at me and expects me to apologise for yelling at him. 

Who is TA? AITA?"
179,"As my parents left for vacation, I put on a movie."
180,"AITA for changing my daughters nappy on the bus | My cars in the shop so ive had to resort to using the bus this last week. The bus journey from where i was to home, plus walking from the bus stop to my house, takes around 70 minutes. My daughter is 2months old.

Earlier today we had just gotten on the bus home when she started to cry in her pram, i gave her her dummy and she settled for a few minutes before spitting it out and screaming, thats when people started to stare. I knew she wasnt hungry as i fed her before we got on the bus so i got her out and started to wind her in case she had abit of wind still, thats when i smelt it, shed shit.

I decided that i obviously couldnt leave her in a dirty nappy and screaming so i asked the woman beside me if shed mind if i changed her nappy and she said not at all so i started to change her on my knee. I got a nappy, wipes and some sudocrem (she has nappy rash) out and started. 

As soon as i opened the nappy her exact words were ‘actually, i didnt realise you meant a pooey nappy so would you mind waiting until your home’ i told her im sorry i shouldve explained i meant a dirty nappy but no i wont wait another hour to change my daughter when shes crying now and already has nappy rash, she asked me why i bothered to ask her if she minded if i was going to do it anyways, i said i was being courteous in case she decided to move first but there is absolutely no way i was waiting to change her nappy. 

The woman started to complain and people behind me did too because “it doesnt look very nice” i told them their shits probably dont look very nice but shes a baby and she cant use a toilet or clean herself so i have to. Thats when more people started to complain, call me rude and inconsiderate. One man told me to get off the bus to change it, he shut up when i asked him if hed enjoy standing in the rain in the middle of nowhere trying to change a crying babys nappy on the floor. I ignored them and continued to change her, when i was done i wrapped it up and put it in a nappy bag to dispose of when i got home. The whole journey home was constant remarks and comments about how i shouldve changed her nappy before i got on the bus. 
There was one particular woman, id say around 70, who said how disgusting it was that everyone else had to see that and i shouldve left her in the nappy until i was off the bus. I snapped and said judging by her age shes wearing nappies and would she like to be left in a shitty nappy for an hour, her mouth dropped and called me a rude girl who needs to learn manners, i said she was being bitchy for no reason and to calm down its just a nappy its not like i smeared poo all over the bus windows and down her walking stick. 

Ive had mixed reactions about this and want to know if im really the asshole."
181,I called the fire station because my kitchen was on fire.
182,I told the bartender I was 24 although I was only 17.
183,I bought a bowl from the marketplace.
184,"AITA for going on a trip with the boys instead of my girlfriend? | Throwaway account. Sorry kind of long post.

My main friend group consists of 5 guys, all 20M and we've been close friends since middle school. After we graduated highschool, we planned to go on a trip to Japan to celebrate, but the plans fell through as we realized we were broke kids. We pushed the trip back a year so we could all save up some money, but one year turned into 2, then 3, because we became busy with college and work.

Started dating my gf start of this year and things have been going great. She's met my friends and gets along with them very well and was invited to come on our trip (2 of my friends gf's are coming too). She was excited since she hasn't left the States before, and I haven't either so she really liked that we were going to share a new experience together. When she was invited the plan was to go next summer, so she had around a year to save up money.

The problem: A week ago our trip began to fall apart as all of our schedules would not line up, and we thought we would have to push back another year. However we realized that we could do the trip this upcoming December/January during the holidays, where we have ~3 weeks gap where we can get vacation from work/not have classes.


But moving the trip up means that my gf can't go. She has family commitments during the holidays and does not have enough money saved up, and I can't afford to pay for both of us. She was really down about this, so I promised her that the two of us could still go on a trip to Japan or anywhere else next summer. This seemed to cheer her up a bit and I thought she was ok.

But yesterday as I was going to buy my plane ticket she told me that she didn't want me to go. Her reasoning was that she wanted us to experience leaving the country for the first time together, and she was jealous that my friends gf's were able to go and have a ""romantic"" trip together. She wants me to just go on a trip with her next year and sit this one out because I ""could always have the boys trip some other time"".

I said I still wanted to go because it has been me and my friend's dream for years. This made her unhappy and she said I was ""abandoning her just to have fun with my guy friends"" and we haven't talked since. I did feel bad, and I told my friends that I was considering going. They decided that if I wasn't going then they wouldn't go either, since we made a ""pact"" where we would all go together (a big reason why the trip kept getting pushed back in the past, since there was always someone busy).

I did some thinking and I have decided I am going to go on this trip. My friend's and I have been looking forward to this for so long and I don't want to ruin it. But when I talked/vented to my parents about this they said I was being unfair to my gf, who also looked forward to the trip, and that I should prioritize my relationship over friends. 

AITA??"
185,I nodded off while driving
186,"AITA for not wanting my girlfriend to kiss other guys during drunk party games like spin the bottle? | So i (M18) started dating my girlfriend (F18) just before she went on a gap year trip to England. Things have been going really well up untill recently where I she mentioned her and all her new friends playing spin the bottle and giving each other pecks on the lip and what not. I mentioned not being very comfortable with her kissing other guys and she said she thought it was ok Cause they were just for fun and meant nothing. I mentioned my dislike towards this and she said it's something she's been doing since she was 12 and it was difference in our upbringing and social experiences. 

I just wanted to know if I'm the asshole or I'm just overreacting."
187,I stole the audio equipment at the talent show.
188,"AITA for telling my mother she is the reason I won't wear white to my wedding? | I'm engaged. Planning on a small semi-formal beach wedding. Mum tells me that she can't wait to go wedding dress shopping with me and she wants to book an appointment at this fancy bridal shop in town. I told mum that I didn't want a white dress and that shop did just white bridal dresses and nothing else (I'd already looked it up).

I think the whole concept of white wedding dresses is stupid. It only started with Queen Vic so it's not some ancient tradition and the ship has sailed on the whole white = pure/innocent/virginal thing. However, the main and the defining reason I am anti white wedding dress, is that my mother wore a white dress when she got married, and she and dad are divorced now. Every other woman in my family has worn a coloured dress to get married in (usually either blue or red and either really pale or really dark, with not much in between) and they have all had long (mostly) happy marriages that were either til death did them part or are still going strong today.

When mum asked why I didn't want a white dress I first gave the the Queen Vic line which mum said wasn't enough justification, and then the bit about how I'm not exactly ""innocent"", which was an awful conversation to have with my mother. When she said that wasn't good enough I said ""because I just don't want a white dress and I think coloured dresses look nicer and it's my wedding so I get to pick my clothes"".

Mum asked a few more times what the real reason was and I eventually admitted that her being the only woman to break the tradition and also the only woman to get divorced didn't exactly instill me with confidence in white dresses. Mum got really quiet, then I saw she was crying. She said she tried her best and that I spoke to her like that when I know how the divorce upset her was really cruel.

I haven't apologised yet but I feel like she backed me into a corner and wouldn't accept any of the 3 perfectly fine answers I'd given before that, and I shouldn't have had to justify myself to begin with as it is my wedding so the only people whose opinions matter are me and my fiance. I also feel like if she had just accepted my choice or any of the first 3 answers I gave then I would not be in this situation.

AITA?"
189,"AITA for reporting a coworker over a pretty minor offense? | A few weeks ago I went to take my daily lunch-time pee at work when I was confronted with a female coworker (Alyssa) using a urinal. I was obviously shocked as I genuinely didn't know women could use a urinal, but nonetheless there she was. I reacted as you'd expect, along the lines of ""What the F***?!"" 

She explained the female stalls are always full at lunch and she had to go. She came in here to use a male stall and, when she saw they were all occupied as well, decided she had to use the urinal in a split second decision. Fair enough, I can see why she thought she had no other choice, but I still think it's extremely inappropriate for her to enter the male bathroom. She is an adult and should be able to manage her bladder absent any health condition (she doesn't have any that I know of).

I reported the incident to HR. My reasoning was that if she had a valid health reason, she could provide evidence to them. Otherwise, this was a inappropriate thing to do. As a result she was let go since people had made complaints against her in the past (not toilet related, presumably). A few female coworkers have apparently been calling me names behind my back saying what I did was pathetic, that she didn't have a choice, that I don't understand how unfair urinals are, etc.

My point of view is simple. If you're a healthy adult, control your bladder at the work place. AITA?"
190,I invited my date to the lighthouse for a romantic evening.
191,I was excited to hear that my stepdad had pulled through his operation.
192,"AITA for being offended by a birthday present? |  I am a white guy but all of my past and my present girlfriend’s have been black. This has attracted some (unwanted comments) about them.

It was my birthday yesterday and I waited til I got home from class to open my presents. All of them were lovely except one package with no sender. 

I opened it and it was a T-shirt with BLACKED.COM on it. It looked really well made and was my size and everything. But, it was the writing that bothered me. I don’t know why someone would send me that? 

I don’t know whether it is a light-hearted prank but I am going to dig into this. The fact that it had no sender bothered me more than anything.

Am I making a big deal out of nothing?

I think I can guess who sent it. Should I confront them?"
193,"AITA for not giving my brother $50 for tacos? | My brother and I decided to make a meal for the family Sunday night (7 people). We agreed on tacos. I asked him to get all of the ingredients and I would just split it with him. He went wild and ended up spending close to $100 on ingredients for this dinner and now is asking me for $50. That seems outrageous. 

I did agree to split it, and my brother does have extravagant taste when it comes to food. Maybe I should have expected this, but it’s tacos man. $100 on tacos? No shot. That’s his fault for over spending. I was thinking I’ll give him like $20. AITA here?"
194,"She said she didn't want to see the scene in the movie, so I put a fresh paint bucket over her head so that she couldn't see the scene."
195,"AITA for humiliating my roommate after he complained about me to his friends? | I’m in college and I have shared a room with this randomly assigned guy for over a school year already. We’re not really friends since we don’t hang out with each other, but we don’t argue either. Today he had 2 of his friends over today. I’m in the living room playing League with the two guys in the other room of our apartment. I overhear him complain about the 3 of us to his friends, saying we keep him up all night playing computer games and screaming loudly. I don’t scream but one of the other guys definitely does. I take slight offense and jab back at him. I say that I know he jerks off when he thinks I’m asleep. His bed is literally 2 small steps away from mine. I tell him that when he covers his entire head and body under his blanket and makes micro movements in there, I know what he is up to and the smell afterwards is bad. My roommate was frozen for the entire time I was calling him out. He came to his senses quite a bit after I finished and said he was on his phone and didn’t want the light from it to bother me. I said “uh huh sure” and got back to my game."
196,"AITA for not letting our non vegan live in nanny cook meat in our vegan kitchen? | So me, my husband and our 9 children are all vegan. Our live in nanny is not. 

When we were looking for a nanny we specified that we were vegan and that the nanny would have to prepare vegan meals for the kids sometimes and that we would provide all meals for the nanny but they can bring their own non vegan food to store in our kitchen. 

So we found our nanny and we’re discussing the finer details before she moved in etc. I asked what she would want to do about meals, that I can prepare her what our kids eat for breakfast and lunch (which she eats with the kids) and then for dinner I can cook her an extra serving or she can prepare her own food with our food. She said she was happy to eat whatever I prepared for dinner but she would prepare her own (non vegan) breakfast and lunch to eat with the kids.

Her room has a bathroom attached but no kitchen. She has her own cupboard in the kitchen and shelf in the fridge to store all her non vegan food. She has been with us for about 9 months now and so far she has been preparing her own breakfast (usually just yoghurt and fruit) and making herself a sandwich for lunch and then eating whatever I prepare for dinner with our whole family. Every Friday she has the afternoon/night off and I always cook her dinner and put it in the fridge for her to eat when she gets home. 

About a week ago she came home from her night off and I heard her in the kitchen. A couple minutes later I hear her cooking something and so I went out to say hi and see what she was doing. She was cooking a steak. At the time i didn’t really have a problem with it. But the next night when I was about to serve dinner she goes to cook another steak. She eats her steak and it’s fine but after I have a chat to her and she says she is kind of sick of the vegan food and that she will be preparing her own dinners if that’s ok from now on. Honestly I wouldn’t mind if she cooked her own dinner every now and then but if she is going to being cooking meat in our house every night I’m not really comfortable with it. The smell is gross and it leaves blood in the pan and the kids have complained that they dont like the smell either and that they don’t like the idea of the nanny eating cows. I don’t have a problem with her not eating vegan, it’s a personal choice but I am kind of uncomfortable with it. So I asked her to just be more sensitive about cooking meat and maybe waiting until after the kids are in bed (so they can’t smell it or know she’s eating an animal) and she said she has the right to eat a proper meal. So AITA?

Tl;dr: our nanny is not vegan in our vegan household and has recently decided she doesn’t like eating our vegan dinners with us so has started to cook meat for herself. I asked her to be sensitive about it but she thinks I’m being unreasonable"
197,I baked peanut butter cookies for my daughter's friends.
198,I didn't visit the baby when I was sick.
199,I gave my four year old daughter a chocolate bar for dessert.
200,"AITA for pulling a sickie so I can go to a job interview? | TL;DR at the end 

I work as a nurse in a community hospital. When I first started working there, I absolutely loved it. However, due to various site closures, we've basically become a 'dumping ground' for patients who can't go home, but can't stay in hospital. I was mostly fine with it, as we were a palliative/end of life (EOL) unit with patients who had complex health issues. Now, we're basically a free care home. 

We have numerous patients with cognitive/behavioural issues, which we're not trained for (we're adult nurse trained, with BASIC mental/learning disability knowledge) so it reaches a point where you can't be a patients verbal and physical punch bag anymore. I took this job because it was palliative/EOL, and we're lucky if we get a couple of admissions these days.

My boss is also awful. She's always been blunt with her staff, which at first I respected, because at least you knew where you stood. Now, she will pick at anything for an excuse to tell at you. Her complaints over the last few months have gotten even more cutting and demoralising; a few prime examples are complaining we don't 'use our initiative' however as soon as we do, she tells us it's wrong. She's accused us of 'killing patients' by not offering our EOL patients food (they're basically comatose, have no swallow, and would likely die from choking rather than their actual condition) and she tried to report me for a drug error that wasn't actually wrong. It wasn't until the medical team AND THE PEOPLE WHO WROTE THE GUIDELINES ON THE Drug told her that I was right, she backed down.

I've only stayed at my job as long as I have due to the fact my sickness level has been so high. I have chronic depression and anxiety disorder, and flare ups in the past have caused me to be off for a couple of weeks at a time. 
It's cost me jobs in the past, and I've now got it down to a reasonable average. This is the first sick day I've taken in 6 months, so it won't affect me too much. 

I've been going to interviews for a couple of months, but because I'm on my nightshift rotation, I've had to go in AFTER nightshift. Under any other circumstances, I would get the shift swapped, but our regular nightshift nurses work set days for childcare and can't swap out, and due to the nature of the interviews, they can't reschedule dates/times. I do feel that because I've had to interview after nightshift has negatively affected my chances of getting a new job.

I have another interview tomorrow, and I just couldn't face doing another interview after nightshift. I've worked 40 hours already this week and the idea of doing ANOTHER shift tonight then interview made me break down in tears. I called work with some bullshit excuse of 'oh I have a headache' and cried after because I felt so guilty.

So, Reddit. AITA?

TL;DR Nurse whose job has drastically changed since she started, boss is a nightmare, interviewing after nightshift, can't face another one, pulled a sickie, feel guilty"
201,"AITA for hating having to work with my mentally challenged coworker? | So, I work IT in a hospital. Around the same time I got hired, they hired a mentally challenged guy who did the same program as I did, at the same school. Because of this, I know he didn't really...earn his degree. He was sort of passed along and never had to do the work we did. I know he couldn't finish at least two of the required courses, and there he was with us at graduation.

Now, when we started, he did ""Bench Tech"" level stuff. He would take the easiest tickets, he would build new and disable old users. He would also build new and disable old computers. All real easy stuff. So, at this point, he's just an awkward dude I had to remind to try rebooting, and to chew with his mouth closed.

Thing is, he's smart enough to know that he can use his...status to his advantage. He started claiming he had too much work. So they stopped making him do any tickets at all - and you know what? Cool. Awesome. People didn't really always know how to interact with him, and he didn't always know how to interact with people. Awesome.

Thing is, he kept going. Over the course of a year and a half he just kept complaining about having too much work. So here we are, all he has to do is the BASE IMAGE of a computer. A process that - on a really bad day where EVERYTHING goes wrong - should take two hours max per machine. He's set up to be doing seven machines at a time.

He only does one per WEEK though. So I have to go out and get chewed out for new computers not being done, while he gets praise showered on him for doing literally nothing all day. He just eats...all day...with his mouth open.

I will openly admit, part of it is jealousy. I wish I could literally do nothing and be paid. But really, this is a REAL job. A real job that a person who needs their foot in the door in the industry could have, and actually be helpful.

So, am I the asshole here? For hating the mentally challenged guy that's really just wasting space and a position?"
202,"AITA for not sharing my tip money with the table at a drag show? | My friend and I went to a local drag show last night and knowing we were going, I made sure to stock up on ones and fives for the show. When we got to the venue, there were reserved tables for sitting and then open tables for standing. My friend and I showed up early, grabbed drinks and a 4-top table for standing towards the front. As it gets closer to the show and people fill in, we notice a group of 3 younger people (the venue was 21 and over so they were at least that, but barely) looking around for somewhere to park themselves for the night. We waved them over and offered to share the table. Right before the show is about to start, I pull out my tip money and discreetly lay it on the table so it’s easier to hand to the dolls. One of the ladies who joined us said “oohhh! I wish I had thought to grab cash before we came!” And they start discussing if there is an ATM near by, I check out of the conversation because it’s none of my business. The show starts, the queens are fantastic, everyone is generally having a great time. My friend and I are tipping and most of the room seems to have come prepared, everyone was throwing money which is always awesome. My friend leans in to me and says “Do you think we should give these girls some of our money to tip with? I feel bad that they don’t get to interact with these ladies”. Keep in mind, the queens were awesome. They made eye contact, they went out amongst the audience but yeah, there’s a nice little moment when give a tip. I just kind of laughed and told my friend “nah.. they knew where they were going, they should have come prepared!” After the show, we were saying goodbye in the parking lot and my friend said she felt bad... we should have shared with them. She said they looked super young, maybe they hadn’t been to a drag show and didn’t know the etiquette about tipping. Maybe they had enough money to get into the show but no extra. Anyways... now I feel guilt. Should I have shared? AITA for saying no?"
203,I didn't give my kids vaccines because I forgot to.
204,"WIBTA to no longer share chocolate and snacks with co-workers? | When I buy snacks like chocolate or crackers for my own consumption, they last me at least a week. I'm single with no kids so that's not surprising. My issue is that I started my first full-time office job about 4 months ago and apart from lunch, I tend to bring fruit and some ""goodies"" to munch on. Out of politeness, I tell my co-workers to help themselves but by that, I don't mean ""finish off a whole bag of crackers or an entire large chocolate in a day"". I primarily bring that food for myself, of course they can have a bit but not the whole thing?

So WIBTA if I stopped sharing after 4 months, since I now see they're not going to stop eating all of my stuff when I just offer some out of courtesy? I don't want to be labeled as the difficult co-worker or something."
205,I rented a sleek and sexy boy for the afternoon.
206,AITA for not even tasting food my boyfriend made | I(m19) was staying over with my boyfriend. He told me he’d make dinner and went to kitchen. He called me after like half an hour. He made pasta with KETCHUP. What kinda monster does that. I told I didn’t want that and made sandwich for myself. He asked me to try it and I refused. For some reason he got so upset and wouldn’t talk to me at all.
207,I was cheering during a funeral.
208,"AITA for not believing in the things my GF does | Obligatory on mobile so sorry for any typos, wall of text Inc. 

Scene fades in...
So I've been together with my SO for more than 3 years now. And even way back in the beginning I let her know that I am a skeptic and I don't believe in any religions life after death spiritual stuff.
She has recently started doing yoga and through this has advanced her spirituality to the point where she bought a pack of tarot cards to help guide her life, same with a crystal pendulum she got from her dad that she claims can also show her what to so in tough situations.

Now I've never confronted her about this, I live and let live, but after she got tarot pack and asked me to draw a card from it I did and just snickered. Afterwards she confronted me asking why I don't believe in anything she does. And that if I don't have faith in the things she does then I am basically not having faith in her, also if I think what she does is dumb then I consequently also think she is dumb as well. Which I absolutely don't she is very intelligent, but is quick to believe in new things with 0 evidence. 

And now we're in this huge fight because of this, basically it bolied down to me not living her if I don't believe all this. When I just want her to question a bit more instead of accepting every thing at face value, and leveling up from this basic spiri stuff to faith healing and calling on angelic energies and shit. 

AITA for not being open to spirituality?"
209,"AITA for calling out my daughter for making me pay for my Mother's Day gift? | My daughter (22) got her boyfriend one of those picture quilts for their anniversary. I thought it was so beautiful and creative. I kept telling her how much I loved it. She asked if I wanted one for Mother’s Day and I said that’d be great. I even showed her the pictures I wanted used of our family. Scout’s Honor, that was the full extent of our conversation.

After Mother’s Day, she came to me and told me the price of the quilt. I was a bit confused. She told me I could pay her back, whenever. Then I was super confused. I assumed it was a gift. I told her that and she said, no, you kept saying how much you loved it so I offered to get you one made. I said, “Yeah but for Mother’s Day, I never assumed you wanted me to pay you for it.” She said that she would’ve just gotten it as surprise if she meant for it to be a gift.

I felt weird about it, but it was Mother's Day and I didn't want to fight. I couldn’t afford to pay her for all of it at the time, so I paid her for some of it then. She went on vacation for a bit, then I was away visiting family. When I got back, we went out to dinner and she paid with card for both of us. I was giving her the cash money for it and she brought up, “Oh you still owe me the other bit for the quilt.”

I finally told her how weird it was that she made me pay for my own Mother’s Day gift. She repeated what she meant, since she asked me if I wanted it and I said still, she never told me I had to pay for it. I gave her the rest of the money I owed her and she said it was awkward now. I said she was the one that started it.

My husband thinks I shouldn’t have brought it up at all, since I didn’t when she gave the gift. I don’t know, I still feel weird about everything. Am I the ass here?"
210,"AITA for taking back ""gifts"" my daughter gave her friends? | We are moving in 2 weeks, out of state because of my husband’s job. My 15-year-old daughter is less than thrilled about it. We’re throwing a goodbye party and she’s inviting most of her class. She was going to the mall with some friends and I told her she could get a new outfit for it. I gave her my card, gave her a budget and left it at that.

I checked my account later that day and realized she had spent way over budget. I went to talk to her and she admitted that she had not only gone over budget for herself, but she also bought outfits for her friends. She said “Dad has a new job, we can afford it.” She then said they planned to do it because we were making her move. I was blown away by the entitlement, took the new outfit away and then went to one friend’s house, explained what happened. They said they were going to give it back anyhow because they didn’t feel comfortable accepting expensive clothes from us. 

I go to the second girl’s house (I had called them ahead of time, mind you, I didn’t ambush them) and they gave me the clothes but said they found this to be very rude. They said that these were a gift and I was taking it back. I said considering it was given without my consent, they should understand. They said their daughter was upset. I told them that they were all in on this, my daughter admitted it, to get back at us for moving, did that bother them? They didn’t seem to be. Which is fine, but still, I thought they’d see it from my side.

I returned the clothes and got the money back. My husband things I should’ve just reported the card stolen and donated her portion of the clothes, but I said it technically wasn’t since I gave it to our daughter. He says it was weird to force the other girls to give up the clothes, but we paid for them.

I don’t know. Was I an ass here?

 (P.S: We are working with our daughter on being more comfortable with the move and we can’t stop it. If we did, we wouldn’t have a job or a means of supporting our family.)"
211,I kissed my girlfriend  at the magic show.
212,I gave the students a gold star for answering the questions correctly.
213,"AITA for writing a song dedicated a college coed who went missing in our town a few years ago? | Using a Throwaway because contrary to some of the allegations that have been leveled against me I am not doing this for self promotion. I will also not name the girl because while it’s been very public I don’t want to bring attention to her family.

So several years ago a 20-year-old coed went missing in my hometown, well there have been several semi breaks in the case nothing has ever come of her disappearance. I always thought she was a beautiful young girl in the case deeply affected me because it was so close to home.

Maybe a year or so ago I was  up in the middle the night and sort of inspiration hit me and I wrote a song about the disappearance. I think it’s very good and very genuine and if nothing else it brings attention back to the case and it seems like it’s stalled out. I sent a copy of the song to her family and they basically responded with “we appreciate your effort’s but this is really not in line with our values but we appreciate you bringing attention to the case.” I figured that was fine enough and they’re the the family.

I took the song around to several radio stations and created a YouTube channel and really didn’t get any play out of it which is fine, if people don’t like it they don’t like it. 

Well for one reason or another my YouTube channel got a little bit a buzz recently and it’s been extremely negative and people are really making fun of me. In fact so much so that a lot of times I go out in town people will quote lyrics from the song to me and it basically makes fun of me. Well this buzz also got the attention of her family again and they sent an incredibly nasty email tell me telling me to drop it that they warned me once they werent appreciative of the song and if I kept it up, they are going to have to “take action.” I responded to the email and said I was sorry and I was just trying to bring attention to the case and this particular family member just replied with “you’re a fucking creep, let it go.”

I’ve deleted my YouTube channel since obviously my message wasn’t getting across, but I haven’t slept a wink since the exchange with her family member. I am wondering if I am the asshole for writing that song?"
214,"AITA for making my little brother starve? | I live with my mom, my dad and my little brother Thomas. I'm 21yo, Thomas is 12yo. Recently i've been hiding some stuff i buy from my family because they won't shut up about sharing. At the begining of the month, i bought some noodles because we were running out of food due to quarentine, and i made sure to buy everyone's favorite flavour. My favorite flavour is spicy chicken and my little brother favorite is just chicken. Middle of the week, i came back from work and was ready to eat my noodles but for my surprise they went missing. I asked my parents and they said my little brother said he would eat them. I confronted Thomas about it and he said i was being selfish for not sharing my noodles with him, even if he had his noodles, and i was too tired to argue so i decided to not stress about it and just went to sleep without dinner.

At the end of the week i went to the market with my mom and bought chicken nuggets and other basic stuff to stay home one more month, and also some oreos because we had some money left. One package for me and other for Thomas. As soon as we went home, Thomas ate all his oreos. Next day same thing that happened to the cup noodles happened to the oreos. I also left some chicken nuggets on the table to cool down for my dinner but he ate all of them without saying a word and when i tried to talk with him about it he said it was my fault he ate my chicken nuggets because i did not told him that they were going to be my dinner. This time i gave him the silence treatment and decided to confront my parents about it.

I think Thomas is not just being selfish but i also think he has a eating disorder. I saw some documentarys about childhood obesity. My parents never stopped him from eating anything he wants at any time of the day, since he was little. I went to talk with them arguing that he was this close to getting health issues due to their poor way of raising him, then they blamed me for being dramatic and because i was making Thomas upset for being too selfish to share my food and that i had no right to teach them about raising kids because i never had any. I got really angry and just stormed out. I started to buy stuff just for me. But they found out i was hiding food from them and said if i keep doing it they will kick me out and i told them i would only stop if they stop my brother from eating everything in the fridge. Now, at the past days, my mother started cooking food that she knows i don't eat or buying my brother his favorite snacks and nothing for me.

I talked with my friends about it and they said i'm being too harsh on him because he's just a kid and he could even get sick from wanting to eat something so much but not eating it (that's a popular saying where i live) and that i should apologize to my parents for saying they were raising him wrong. I don't think i'm the AH but everyone around me says i am. So, reddit, AITA?"
215,"AITA for missing the birth of my first child so a mate could spend time with her dying grandfather? | This is a horrible situation and I need to know if my wife is justified. 

My wife gave birth to our first baby 3 days ago. We've had a rough few years with 2 miscarriages and a stillbirth at 37 weeks. So my wife was terrified this whole pregnancy. 
I am a firefighter and was on duty when my wife went into labour. Her doctor said that it would likely be a while so I decided to stay at the base for a little longer because it is about mayhem and we're never enough people anyway. Then one of my mates gets a call that her grandfather had a heart attack and will probably not make it. Obviously she was devastated. Things got really hectic we got called out to another fire and our captain said one of us could go but not both. I told my colleague not to worry she should go and spend time with her grandfather since it will be her last chance. So I had to go out and missed the birth of my child. I got there 2 hours after my girl was born. I felt horrible and apologised profusely to my wife but she just yelled at me, said I let her down in the scariest moment of her life and then told me to leave. So I left and waited in the hallway. 
It's been 3 days and she refuses to say anything apart from the bare minimum related to the baby. They can leave tomorrow and she's informed me that she was going to stay with her sister who recently had a baby too until she ""knows what to do about our relationship or what's left of it"".

I understand that it must have been scary for her but my reasoning is that only one of us could leave and I will have a whole life to be with my child whereas my mate only had a few hours with her loved one left"
216,"WIBTA if i told my wife using a donor sperm isn't doesn't sit well with me | Throwaway account since my wife knows my name on here - long story short we've been married 8 years now and no kids because of me - there's a genetic/hereditary/whatever situation causing a low sperm count and weak swimmers among those that are there.  Despite years of trying, the old fashioned way just isn't happening.  Ever.

We've been dealing with fertility specialists for a little over 3 years now - early on we discovered the issue was with me and so about 2 years ago I went through a surgery where they removed testicular tissue in the hopes of being able to retrieve viable sperm that way.  After going through this we took some time to prepare ourselves mentally/financially for what's to come with my stuff on ice while we did that.  After meeting with various dr's and not liking what we heard we finally found a guy that seems to be a good fit for us based on our appointment yesterday.  Unfortunately, after reading the reports from my labs he has informed us that the vials they have from me are deemed ""rare/possible"" in terms of potential to retrieve sperm for an IVF treatment.  Because of the situation, we basically have 3 options

1. Attempt IVF with my stuff, spending the $$ knowing full well that there's a ""reasonable"" chance of embryo creation but no guarantees.  If this doesn't work we then move to using donor sperm costing even more dough.
2. Attempt IVF with my stuff alongside a donor sperm at the same time seeing what works and going from there.
3. Skip use of my stuff entirely & just go with a donor sperm which would allow us to use IUI instead of IVF, a much larger percent of which is covered by our insurance.

My gut is telling me it's not gonna happen with 1 or 2, that me having a kid genetically mine just isn't in the cards.  Because of this, I feel like in the long haul option 3 would be the best for us from a financial standpoint, I'd much rather have money for taking care of a kid than use it up creating one.  

Mentally however, I'm not sure how well I can deal with this - I have friends that have adopted, have seen firsthand the love their family have etc, but I just don't know deep down if I'll ever be able to look at a kid that's ""mine"" the same knowing we share zero DNA.  And what hurts me the most about this is how desperately my wife wishes to start a family.  It's the one thing I haven't been able to give her and it kills me inside.  So while my instincts are telling me to take one for the team and help her realize this dream, I question my ability to feel true love for him/her and whether it's fair to bring someone into this world not 100% sure how I'll look at them down the line.

&#x200B;

So I ask, WIBTA if I tell her that going the donor sperm route isn't something I can handle?  TIA"
217,"WIBTA If I tell to my cousin's wife that I'm not interested in her religion? | Well, for starters, I live in a very religious country, my entire family is religious and I respect that. I wouldn't refer to myself as an atheist, probably agnostic since there are still a lot of questions with no scientific answers, but just hypothesis. Still, I respect other people's beliefs, I just don't fully share them. My favourite religion is being a nice person. 

Anyways, the thing with my cousin's wife is that she's a fanatic (her fanatism is so blind, she does not go to a hospital for treatment to her skin cancer, but instead just prays until she heals magically) that would constantly try to push her beliefs into other people, doesn't let other people talk and trusts whatever a book or a priest says. My cousin is nothing like her though, he just lets her be because he does not want any problem.

The thing is, I go there quite a lot because my cousin is a really good mechanic so he helps us a lot with the maintenance of our cars and trucks. So, last time I went, waiting for my cousin to finish, she bombarded me with a lot of religious stuff I really didn't care about to the point I got really tired of her being totally abnoxious and had to excuse myself to the bathroom until the job was done. 

I have to go next week, so if it happens again, WIBTA if I just simply tell her ""I don't care?""
Edit: grammar"
218,I went to the video arcade to laugh at the kid with disabilities while he played pacman.
219,"AITA for caring too much about my daycare losing my daughters clothing? | My daughter is almost 5 months old and just started daycare about 3 weeks ago. I am the parent who gets her dressed in the morning and drops her off, my husband picks her up. On Wednesday evening, I noticed she came home in a spare set of her clothing. This isn't uncommon because she's a baby and they soil their clothes sometimes. However, my husband wasn't given the dirty clothing in a bag like usual. He wouldn't have known to ask for it because he's already at work by the time I dress her. 

&#x200B;

So the next morning (Thursday). I ask the teachers about her clothing, assuming they just didn't give it to my husband. First they questioned whether they actually changed her clothes. That bugged me because I was certain they did, since I remembered what I dressed her in. Next the lead teacher literally shrugs and says ""I guess we sent them home with someone else."" No apology or saying they'll pay better attention next time. The fact they sent them home with someone else isn't a huge deal, since baby clothes are cheap and also her clothes are labeled with her name. So there's a chance the parent who accidentally got them will return them. However, the teacher's casual response without an apology irritated me. Also, I had to ask if they'd mention it to other parents and she said she'd ""try to remember.""

&#x200B;

My husband arrives Thursday evening to pick up my daughter, and asks about the clothes at my request. the teachers never asked any of the other parents and still didn't apologize. Once again they simply admitted they must have sent the clothing home with someone else. 

&#x200B;

My husband thinks I am making this a much bigger deal than it needs to be. He's a really nice man and he's trying to keep the peace, particularly since baby clothing is cheap and she'll outgrow it soon. AITA for caring too much about the teachers response, and/or is the teacher the asshole for not apologizing and making any effort to find the clothing?"
220,"AITA for being ""ungrateful"" for an electronic gift that my grandmother got me (that I saw as a ticking time bomb)? WIB if I took it to the recycling center? | My birthday was yesterday. For some time now I've been expressing that I wanted to upgrade my PC (the components were aging quite a bit) and so I made a list of the parts I want and gave it to my dad, who sent it off to various family members to contribute. I'd contribute too.

I bought the graphics card and SSD, Dad bought the motherboard and RAM, Aunt got the me the processor and Grandma got me the power supply. (Dad tasked them, I didn't. I don't use Facebook because it's full of Karens.)

Now note that I had given everyone a specific part, within a reasonable price point, and they would get a huge deal on Black Friday, the day before my birthday.

Come my birthday, I turned 18 and everyone was to congratulate me for becoming an adult. Cheers and conversation over really good food was had. It was a great time.

Then I got my gifts. Everyone got me exactly what I wanted, and I expressed my greatest gratitude and thanks, and gave them a hug.

And here comes Grandma, with the power supply unit that she was tasked with.

Now I didn't ask for anything outrageously expensive (like those $200 RGB fully modular 80 Plus Gold power supplies with Japanese capacitors), but I did ask for a 750W supply with partial modularity that was around the $100 price point, and said good PSUs cost a lot.

I get my gift, and it's a unit from a brand I've never heard of called Logisys.

Again, I give my grandma the utmost gratitude, but tell her I am a little concerned. That I've never heard of this brand before and don't see any certification on it, and it looks very sketchy.

Grandma says she got it because it was cheaper and would still deliver on what I needed.

I then calmly explain that she needs to be careful with off-brand power supplies, as a lot of the cheap ones often have shoddy soldering, wiring, insulation and capacitors, and don't have any certification or testing. And if I put this in my system, my PC could potentially be fried.

My mom starts jumping on me and saying ""Stop being ungrateful, she put a lot of thought into getting that for you"" And Grandma and most others take her side.

But a few take mine and I tell her that there's a reason that you shouldn't buy unverified electronics from China, because they're often riddled with problems.

Eventually it turns into a small debate between family members about ""gratefulness"" and Chinese products and ""it's the thought that counts"", which kinda soured the mood and made me feel pretty bad. It only got resolved when dessert and coffee were ready.

Mom and Grandma gave me the stink eye for a moment and I just ate my cheesecake away from them.

Either way now I'm stuck with a piece of Chinese junk that I wouldn't dare put into my build. I think I might get myself a good one from Amazon on Cyber Monday.

Really was I in the wrong to complain about the unit I got? And would I be even more of an asshole if I discreetly recycled it?"
221,The excitement of the car race made me cheer.
222,"AITA for Interrupting an Arguing Couple? | I'm generally pretty good at minding my own business, but was also raised to have a sister's back. Ie: Walk someone to her car at night, watch her drinks at a bar, help leave an aggressive partner, etc.

Today was kind of iffy, as I intervened when there (hopefully) was no need. I was at the gym (one that unfortunately is a magnet for ""macho"" men) and noticed a young couple in very close proximity of one another. The woman (I'll call her ""Tiny"") was seated on a machine and the man (he's ""RedCap"") was hovering over her with one hand on her knee and the other on the seat by her shoulder, trapping her in, as the weights were on her other side. 

Tiny didn't look happy at ALL, but I couldn't see fear for sure. RedCap's back was to me, but I could see was he talking. His head and lips were moving, but his body was very still, keeping Tiny locked in. I figured they must just be chatting, but kept watching out of habit. He leaned in to kiss her and she backed away- but not much because she had nowhere to go. I walked over and asked if she was alright. They both looked very startled (well, RedCap, kind of pissed after a second when he realized what was happening) and Tiny just huffed, ""Yeah."" I gave her another second in case she wanted to say otherwise, but she broke eye contact and RedCap turned away to work out on something else. 

I took off with, ""Alright. Cool."" If she said she was okay, she was either okay or not, but didn't want intervention. I did, however, mention what I saw to a burly gym coach. I stressed that I might, and hopefully, was wrong, but asked him to keep an eye on RedCap for the evening.

I'm not sure if I acted prematurely and threw oil on a tame disagreement between a couple. RedCap wasn't yelling or hitting her and there were tons of other people around who didn't react. Was I being over zealous, offended an innocent guy, and put a damper on the coach's day based on a whim? :( I never made that mistake before and it's keeping me up all night. AITA for stepping in without undeniable proof of abuse?"
223,"AITA for refusing to reimburse my sister after she left her Invisalign out? | I’m 31/F, my sister (S) is 32/F, our parents are 50s M/F, and my kids are 7/M and 5/F.

S lives with our parents in the big, expensive city where we are from.  There is no financial/cultural reason for that, she makes a good salary as a consultant and could easily afford to pay market rent somewhere.  She just prefers to live at home and spend her money on handbags and vacations. 

I live about two hours away in a much cheaper town, but return for the holidays with my kids every year. 

As anyone who has kids knows, this is the age where they get into every thing. 

S had to work yesterday, and unfortunately my kids got into her room.  If you haven't seen Invisaligns before, they look like plastic toys for Halloween.  She left the Invisalign box in plain sight on a shelf in her closet, which was left open.  

My kids got into them and began playing with them, putting them in their mouths, etc.  I stopped them when I found out and tried to put the Invisaligns in the little baggies, but S came home and immediately freaked out.  She stated screaming and throwing a fit, scaring my kids.  

S has demanded I reimburse her for the Invisaligns, which cost almost $4,000.  By no means do I intend to do this, that's an absurd cost and S doesn't even really need them.  My parents per usual take her side and think I am TA.  

So, AITA?"
224,"WIBTA if i photoshopped my bridesmaids tattoos out of my wedding photos? | I’m getting married in 2 months and one of my bridesmaids has an arm full of tattoos. She has previously covered all of them with makeup for work events when it was absolutely essential. 

I asked her if she would cover them up for my wedding just to not draw attention to her and for pictures etc. She said she wouldn’t feel comfortable with that as it’s part of her identity and she doesn’t want to just for my ‘aesthetic’ wedding. 

I talked to my photographer and she said she could cover them in the photos in the editing process and give me some edited and unedited photos etc. I decided to do it. I mentioned to her that that was what I was going to do (I thought her problem was just not wanting to change herself for my wedding, I thought it would be fine to fix the photos). She was so mad at me and Called me an asshole. Am I?"
225,"WIBTA for Asking My Sister to Stop Posting Progress Pics in a New Year's Resolution Facebook Group? | At the end of last year, my family decided that, in order to stay motivated and keep our Facebooks from becoming just about whatever our resolutions are, we made a Facebook group. Everyone is supposed to be welcome, which is part of why I'm hesitant to say anything. 


My sister is super thin. Like size double zero thin. She's also what my family affectionately calls a health nut. She does the whole plant-based, whole food, no oil thing, pretty much only drinks water, etc. etc. If you ever need advice on anything health or fitness related, she's a godsend, though. That's another issue. If I upset her, and she leaves the group altogether, then a lot of people will be pissed at me for ""running her off.""


The thing is that most of the people with fitness-related resolutions have decided to post weekly progress pics. And mostly that doesn't cause any issues. But then my sister is there, her waist maybe two feet around, and she's posting pictures each week. She's doing some sort of year-long push-up challenge; it's like 100 push-ups each day plus the day of the year. On 31 Dec., she's going to do 466. 


Anyway, the issue for me is that I don't think anyone that thin needs to be posting progress pics. She says it's to show her muscles growing in definition and all that, but all I see whenever I log into the group is an already skinny woman flaunting herself. And it makes me feel uncomfortable and unwilling to check the group's posts, even more than dealing with the constant posts about macros and calories and the really ""strong"" memes the fitness-resolutioners often post. I just want to see makeup and the like (my own resolution was not to buy any new lipsticks, eyeshadow, etc. this year). Instead, I get assaulted with all of these things I try to avoid, and her pictures are the worst. 


I just, would I be the asshole to ask my sister to stop posting progress pics, even though she's not technically doing anything wrong?"
226,"AITA for supporting my niece in her singing? | My 14 year old niece loves to sing. She isn’t going to be the next America idol or anything, but she isn’t under the illusion that she is, she just has a lot of fun performing for the family and making videos on YouTube. 

I’ve always encouraged her, (by watching and commenting on the videos, asking her to sing for us when I’m over, etc.) because it was a chance for her to be create and outgoing and have fun. 

Lately her parents have been hounding me to stop encouraging her. They say it’s not a good use of her time if she isn’t going to take it seriously and since she doesn’t have the capacity to become any kind of great performer, that she should really be focusing her time on other things. 

That’s their prerogative at home how they want to do it, but I didn’t feel right suddenly stopping asking her to sing for us or stopping interacting with her videos. 

Her parents are now royally pissed at me and my brother says I’m an asshole for ignoring such specific instructions. Am I the asshole? Or do I just have a difference of opinion?"
227,I fed her baby fingernails and toenails.
228,"WIBTA for not sharing my kid's winter clothes with my ex? | I know how it sounds. I'm struggling with this. 

I'm the parent of a 2 year old child. Over the last year I've fought through a fairly high conflict divorce and custody fight. The process was ugly but custody and placement is shared 50/50. The court orders require that expenses related to the child are to be split 50/50. Expenses greater than $100 must have the consent of both parties before being undertaken otherwise it becomes the sole responsibility of the purchasing parent.  

I live in an area known for long and cold winter weather. Approximately a month and a half ago I approached my ex about setting up our child with winter clothing while it was readily available. They hemmed and hawwed and eventually came up with a hand me down coat that was already a size too small. It is usable now but will not last the winter.  We were still without boots, mittens,  and snow pants.  

Within the last week temperatures have dropped sharply and we've received our first snows. It could not be put off any longer so I purchased the needed clothing. Hat, mittens, properly fitting coat, boots and snow pants.  The total expense was under $100.  When I presented the receipts to my ex, the refused to pay for their half of the expenses, citing a lack of funds. I am not insensitive to that,  and suggested that they pay me back over the winter as they're able. They refused, stating they didn't have the money and it didn't matter if they paid me or not- the clothes were already purchased. 

I was put off by this- the tone and tenor of the conversation was very much along the lines of ""what will you do about it? Let the child without on my weeks?"" I was further put off because difficult winters are no surprise here, and despite the proclamations of no money, my ex smokes nearly a pack of cigarettes a day and routinely posts about frequent nights out at bars on social media. I don't want to police their spending but claiming no money for necessary childhood expenses while spending heavily on vices sits badly with me. 

The small coat my ex got their hands on will be sufficient for weekly exchanges and trips to the store- little else. It would truly be a barest of minimums until the child grows out of it. Family and friends are suggesting I keep my proper winter clothes for myself for use during my placement weeks while leaving the option open to pay half and fully share when and if me ex comes to their senses. Part of me feels the same, but I worry that though I am actively being taken advantage of, I would be TA by knowingly subjecting my child to the bare minimum half of the time.  

WIBTA if I stuck to my guns on this?"
229,"When the black family moved onto my block, I was worried about property values."
230,"I am way too sleepy to drive safely, so I'll buckle up my twins first."
231,I thanked my child for taking out the trash
232,I called 911 and reported that my neighbor was sitting quietly at her home.
233,"AITA for asking my girlfriend to help me out with rent and bills because she lives with me now? | I will try and keep this story very mutual as i understand you are only hearing it from my side of the view. Some history about me, I have had some very poor relationships and I know I am not the perfect guy, however I am 'too nice' sometimes which makes people walk all over me. I had a job where I didnt require a place to live due to excessive travel. It was a wonderful job and I unfortunately got let go. This amazing woman let me move in with her and her family and she has really been there for me when times are tough. I had enough money to get my life back on track and within one month of living at her parents with her I got a car, job and an apartment. I got the apartment in my name because i have been through a relationship before where things ended up not working out and I was screwed. I guess you learn from your previous relationships. She helped me move into my new apartment along with helping me buy new furniture and she came with me to purchase my new car. She has really been there for me. She immediately moved in with me and I could tell after a month she wasnt that comfortable. Maybe it was because of the drastic change from her parents? or maybe it was because we moved towards the big city? I still will never know but I could tell she was very uncomfortable. 

My wake up costs are nearly $3000 dollars. Yes i know this sounds like a lot but my new job was paying well. Rent $1650, Car $400 with insurance, Phone bill, other bills, student loan. Yes it comes close to about $3000 dollars. Insane right?

Well fast forward 5 months later, I asked her to help me out with rent even if she could pay me $500 and possibly groceries. anything as this point because it is very expensive for me to be paying for both of us. She works full time 40 hour weeks. She makes about $3000-$4000 per month before taxes. She would never help me out!

Its getting to a point where I am coming off as a dick now because she is not helping me pay the bills at all, and i keep confronting her. Her excuses make me even more upset like how she said she pays her sisters gym pass and she doesnt even go. how does this effect me or even us? One of my friends asked if she splits the rent (idk why he asked but i was standing right there) She blatantly lied and said yes she helps a lot. I confronted her about this, she still just plays completely dumb about it and tells me she has no money and comes up with excuses where her money goes. 

I cant keep doing this. I told her 'love' isnt enough to keep this together if she wants to be in a relationship it needs to be made together it feels very one sided right now....  It just sucks because im not that kind of guy that would just end it based off something like this but enough is a enough.

So everyone... AITA??

"
234,"AITA for not wanting my baby anywhere near my MIL? | I(25F) and my husband(27M) have recently had a baby(3months M) and he is the light of our lives. My MIL has offered to watch him and do some responsibilities while my husband is at work and while I rest/go back to work in a few more weeks. I don’t want her near our kid because of COVIS-19, it isn’t prominent in our area but there has been a confirmed case(they’re in quarantine but still). I kinda just want to find a reputable daycare or home daycare when I go back to work and just be done with it. I don’t have anything wrong with my MIL, she isn’t you’re typical monster in law, but I’m kinda on the fence and since my baby came from me I feel like I can say who does or doesn’t watch him.

My husband(knowing these factors) says I’m being rude since it’s his moms first grandchild BUT I don’t want him to get sick with anything, especially COVID-19 and lose him so early in his life.

AITA for not wanting my MIL anywhere near our new son?"
235,"AITA for not standing up at an MLB game? | Ok so recently some friends and I were at a MLB game and it's probably worth noting my friends and I are not American. So at the start they had a military hero of the week or game or something and people stood up an applauded him. I did not. My friends all said I was an asshole and disrespectful. When I told my girlfriend she said the same thing. 

Now to plead my case, I have nothing against the military individual at the game. I don't think any higher or lower of anyone regarding their profession or anything like that. I don't agree with the war for a number of my own personal reasons and the issue I have in this case is the (in my opinion) propaganda phrases like ""defending our country"" and ""fighting for our freedoms"". I hear these things in my own country too. And I think the term hero should be in regard to people who do deeds that help the world and the people in it. These are my own views so please respect them and if you would like to debate them I am more than happy to do it elsewhere. 

So I didn't want to participate in something like this. And from memory about 20-40% of the people around us didn't stand and clap either, they continued eating drinking and chatting with those around them. And I've seen enough US TV shows and movies to know that I have a little something called freedom of speech, don't I? I can understand if people disagree with what I did, but I don't think I am an asshole for it. Am I?"
236,"AITA for purposefully having a 10-11 year engagement? | My fiancée and I have been together since we were 16 and 17. I was a grade above her. We knew we wanted to get married, but we both had goals that made a young marriage not an option. I wanted to become a doctor before getting married. My fiancée wanted to graduate college and have a career of her own.

We secretly got engaged right after  high school graduation and moved forward with our individual plans. After her freshman year in college, it became financially necessary to live together. Our families don't like couples living together outside of marriage, but an engaged couple gets a sort of exception, so we staged a new engagement for our families and we were able to live together in peace. 

I finished med school this past year, and we finally had a wedding planned in April which is now not possible. We've gotten full refunds and our vendors are very accommodating. The issue is a new date. We want to hold off until April 2022 because this is realistically going to last 18 months and we want more time to plan around societal/economic changes.

Our families are furious. They say that we just used being engaged as an excuse to ""live in sin"" for a DECADE and that we have no intentions of ever getting married. My fiancée will be 29 by our new wedding date, which is an unusual age for first marriage in our families. We're getting a lot of criticism for not going to the courthouse, which isn't even possible right now and not what my fiancée wants. 

Technically got engaged in 2011, official engagement in 2012, met goal in 2019, and now 2020 wedding is getting pushed back to 2022. Family is furious."
237,"AITA for not inviting people to a party in the name of exclusivity? | I threw a party this Sunday, since we had Monday off school (for non-Americans, Monday was Labor Day, a holiday where you get a day off). It was a party I've been planning for weeks, to make it as fun as possible. My goal isn't to throw some humdrum party that'll be forgotten a week after, but rather to throw something everybody will be talking about for a while. 

A big part of that is keeping the party exclusive- if you invite everyone, it loses that cache and that sense of mystery. Essentially, what I did was hype up the party by getting my friends to spread hella  rumors about it. Then, I made the party strictly invitation only and distributed invitations individually on random days- a few would be handed out a few weeks beforehand, a few the week before, even a few the day of the party. You get the idea. This increased the mystery, and everyone was a) talking about the party and b) asking to be invited. 

The party ended up going great, but everyone who didn't get invited is pissed at me. Especially so is this guy in my AP Euro class that I talk to occasionally. He's been acting really angry at me since Tuesday, claiming that as 'friends', I should have invited him to the party.

I replied that 1) talking to someone sometimes in class doesn't mean you're friends and 2) I didn't invite all my friends to the party anyways. 

He called me an asshole for excluding people. I don't think I am. It's at my house, and I spent my money to throw this party (technically it's my dad's house and his money, but you know what I mean), so I can invite and not invite whoever I want.

AITA?"
238,"AITA for not serving pizza whenever my overweight niece visits? | My sister has a 12 year old daughter and they both live a few blocks away from my house. My niece often comes over on weeknights and weekends to play with her cousins, who are similarly aged. 

My niece is 5 feet tall and 145 pounds. She gets teased at school and she's pretty unhappy at this weight. My sister serves a lot of junk food and sabotages my niece's health. She's a single mom and the dad is not in the picture. She uses food as a comfort tool for the both of them. My sister always uses excuses, such as that my niece won't eat vegetables or she's too picky. 

At my house, Friday is usually pizza night, but we eat healthy the rest of the week to make up for it. Sometimes, the food that my niece gets at my house will be her only serving of fresh fruit or vegetables, so when she comes over, I cancel pizza night. The reason that I give is that it's not polite to order pizza for guests and I'd rather serve something fancier. It's usually flown under the radar. Instead, I would make roast chicken and vegetables with fruit for dessert, or a quinoa dish with vegetables and chickpeas. My niece would participate in the cooking and she's certainly capable of eating healthy food. 

One night, my kids, who are 9 and 11, told my sister that it's unfair that we cancel pizza night on Fridays and asked her if they could come over another night. My sister asked me to clarify, and I said I cancel pizza night because niece loves to explore new dishes that I make for her. she told me that I'm singling out my niece and fat-shaming her. I told my sister that it's my house my rules, and I never framed it in a way to make it about my niece's weight  The conversation was had when my niece was out of the house.

My sister said that my niece won't be over anymore. So, am i the asshole?"
239,I put my chubby cat on a diet of one meal every 6 weeks.
240,"AITA for telling my sister that she's NOT a psychic/medium and to get a real job? | I couldn't care less about people's religion and I'm the atheist. My sister has always been into spirituality, incense, tarot cards, etc. Before it was like a hobby and now it's her whole life. She says she was born with a gift to talk to the dead and can see people's futures. She quit her job as a store manager to become a ""spiritual adviser."" As you can imagine, they are not many people who believe in that bullshit and even less willing to pay for a ""reading."" She is always hustling and it's sad because she doesn't have any income. She recently moved back in with our mother for financial reasons. She has a 12yo son and he goes without a lot of things. It irks me because I help our mother out A LOT and it's been even more because she's basically supporting my 30-something year old sister and nephew on a retirement pension. Finally I told my sister that her ass needed to get a job and to cut back on this Psychic Friends bullshit because it's not real. She's not intentionally trying to scam people. She really believes she has a gift and God wants her to share it with people. I tell her that God wants her to get a real job.

&#x200B;

EDIT: She is not schizophrenic and she doesn't use drugs."
241,"I'm going to evade getting drafted by getting my doctor to say I have bone spurs on my heels, but my feet are normal."
242,I attacked the homeowner.
243,"WIBTA if I didn't let my downstairs neighbor in after he got locked out | I live in an apartment that is basically a house divided into 3 apartments, with only one main entrance that leads to the apartments. One of the guys who lives downstairs always forgets his keys when he leaves, like 3-4 times a week I get a call to come let him in. This isn't usually a big deal as I'm home a lot of the time, although sometimes I have had to leave where I was at to unlock the door, and sometimes he calls late at night. 

I also suspect that he is purposefully leaving the main door unlocked when he leaves, because many times when I leave that door is unlocked, and I always make sure to lock that door. 

Today I almost just ignored his call to teach him a lesson, but then I gave in about 5 minutes later. When I got outside he wasn't there waiting for me, no, he was trying to break the window into his apartment so he could get in(not the first time he's done this).

So, WIBTA if I didn't let him in?"
244,"Aita for playing video games instead of cooking and cleaning for my wife | Okay, so the title makes me sound bad but hear me out. So my wife and I are both working from home. My wife has to work very rigorously, while my job is very lax. So yesterday my wife walked in on me working and saw me playing video games and asked me what gives. I explained my situation and she got mad that I wasn't doing anything ""productive"" like cook for us (we've been cooking for ourselves individually when work has allowed"" and clean around the house. I told her that while my job was more relaxed, that I still did have to do some stuff and that at some point they may need me so I couldn't just get off and stuff for her. The argument was more than that but that was jist of it. This want on for all of last night and I just want if I was TA before my work day starts today."
245,I saw there was a rat so I shot my gun at it as it ran across the hotel lobby.
246,I called a foul because I didn't like the player.
247,I always kept my whiskey bottles within reach for my 3-year-old son.
248,The antiques dealer gave me too much money for the trade so i took it back.
249,"AITA for not helping my neighbor get into her house? | Info: I live in a neighborhod that has these walls around each property, it's more of an aesthetic thing than a security one. Most people lock their gate during the night regardless, me included. 

Today I woke up at 4am with the sound of someone banging at the gate of my property, I found it weird and waited for it to pass but the noise got louder so I went to check. It was my next door neighbor asking if I could jump over the wall of her property and unlock the gate for her because she forgot to take her keys with her. At this point I told her that I would help her but also, it was at this point that I might have been an asshole. She thanked me and proceeded to say that she was avoiding to call her mom that was inside the house because it would wake up her kids and she didn't want to deal with that. So I asked her if she had tried to contact her mother in any way before she came to ask me for help, she said no and said once again it would be too much trouble. I was 100% ready to help her before because in my mind I thought she was completely stranded outside but once she revealed this piece of information I told her to try her mom because there were cleary better options than making me climb over a wall so she could get in. This set her off and she said that I was being a bad neighbor and I had no regards for her well being, so I told her I would wait with her while she called her mother but she denied it and walked away. I still stayed at my gate and I watched her make the call and then her mother opened the gate for her. I told this to my friends and they told me that I would have cost me nothing to just climb over and unlock the gate for her but I'm still on the fence of whether I should or shouldn't apologise to her."
250,"I grabbed the grinning little boy, my son, while at the Mall."
251,"AITA for shredding my 401k application papers? | A couple months ago my mom started bugging me in a conversation about setting up a 401k. She was pushy and I got upset and pointed out my job only allows enrollment at a point every three months. So she agreed to shut up about it until the next enrollment period. So I got the message about it and called her to discuss it. Unfortunately as she has a tendency to do she got very pushy and started talking about how I should save for other things and stuff that I simply can't afford to do the entirety of. When I told her this she accused me then of spending wastefully (I don't generally and I got angry and ended the conversation.) I was already kind of angry she pushed the 401k talk in the first place so I put my enrollment documents in my shredder and took some pictures and texted her them. Theoretically this was just symbolic as I could've easily printed new forms at work but the whole thing left such a bad taste in my mouth I didn't get around to discuss it the rest of the period.

Was I being an asshole in doing so? I ask because it's now enrollment time again and she refuses to discuss it or anything to do with a 401k now."
252,"AITA if I make someone else reschedule their surgery? | I was due in for surgery today. I waited for hours before being told that they’d had an emergency and couldn’t get me into a theatre. I’ve been offered the chance to have it on Wednesday, pushing someone else back. 
If not, they’d reschedule for a few weeks later.

A few things to know: 
1.) My surgery is non-essential and could feasibly take place at any point- my condition won’t worsen with time. 
2.) While MY surgery is not urgent, the procedure I’m having is also offered to cancer patients
3.) I’ve travelled to a different country to have this procedure done, and my parents have to drive/pay for hotels/miss work etc. Any delays would exacerbate these inconveniences.

What should I do? Should I go in on Wednesday and possibly delay healthcare to someone suffering from cancer? Is it worse if I ask my parents to make a second trip in a few weeks time? I’m really struggling to find the ethically best option."
253,"AITA for not getting over into the right-hand lane on the highway? | Hello good people, this question has bugged me for quite some time and a recent incident convinced me to come to this sub to get an answer. 

I live in the US and drive on the highway for 2-3 hours on trips quite often. I don't drive too high above the speed limit, I use my signal to change lanes, and I'm a defensive driver, so all in all I consider myself a relatively safe driver. If I'm on long stretches of highway, I typically get in the left most lane and set my cruise control to 10 miles above the speed limit (or what traffic is currently going) so I don't have to worry about switching lanes and keeping my foot on the pedal constantly for long periods of time as I get foot cramps really easily that are painful and annoying on long car rides. However, I realize that some people want to go faster than 10 miles over the speed limit, but I always figured going 80 mph in a 70 mph is a reasonable speed and there's usually an oppurtuntity for people to pass me in another lane. 

However, I was driving the other night on a trip and I did my usual thing. Things were fine for a while, but then a large truck came up right behind me and began tailing me. There were plenty of opportunities for the truck to get into another lane and get ahead of me, but it continued to tail me, getting dangerously close to me. Finally, the truck switched lanes, sped up, and then jumped back into my lane. They then proceeded to brake check me, forcing me to slow down. To prevent them from doing anything further, I changed lanes and slowed down to around 65 mph in a 70 mph zone on the highway. 

So Redditors, am I the asshole?"
254,I warned everybody about a fire when I saw smoke coming out of the corner of the room
255,I found a wallet in the park and returned it to the owner.
256,"AITA - Told classmates to ""buckle up"" then I was called a bully | I'm in a nursing program with 30 other students. We're pretty close and we group chat a lot. These classmates IMO have developed a complaining attitude about every assignment and request, even though our workload has significantly decreased since covid-19 came about. We just got a new assignment, which will take 1-3 hours due in 11 days. Many students immediately started complaining about how it was ""sprung"" on them and they are too overwhelmed to do it. 

I work 40 hrs/week and found that the assignment wouldn't be too hard to complete... So out of a little irritation, I said ""well as nurses we are going to have to be flexible and deal with things that spring up unexpectedly. Buckle up."" 

This wasn't taken well, and a fellow student expressed that people are stressed because of covid-19, and that they shouldn't let a ""bully who minimizes their struggle get them down. Some things that are small to some are large to others."" 

I didn't see my actions as bullying, but please be frank - AITA?"
257,I entered into a luxurious estate recently.
258,I kept the princess in the dungeon of the castle.
259,"AITA for fostering a child against my daughter's and ex wife's wishes? | I'm a 52 year old male with a 23 year old daughter. Our relationship has always had its ups and downs. Mainly because I did not get to see her and speak to her for a big part of her childhood. I left to go back to my home country when she was 3 due to DV issues with her mom at the time. This is completely my fault. I was an asshole. I have since gotten therapy and am happily married.


We reconnected when she was 16 and we were pretty much two peas in a pot. We are very alike and she moved in with me and my wife. All was well, except that we'd have pretty heated fights once in a while. I never got violent with her but I'd scream and she'd scream and my wife (who is very calm) would be stuck in the middle.


My wife cannot have children, but our dream was always to adopt or foster. Finally we were at a point in our lives where we could afford to foster a teenager. But when I told my daughter, she got mad. She said that it was unfair that I would foster someone rather than pay her mom the 'child support' that I 'owed', which was never ordered by a judge as we never went to court.


It is true that I didn't pay any child support but she lived with us for two years and we got her a car, clothes, food etc and spoiled her to make up for it. She says that it's still unfair and that she is hurt that I will raise a child when I was never there for her.


My daughter moved out and went to live near her mom again. I called my ex-wife hoping for support. She called me an asshole and hung up on me? Again **she never asked me for a penny before**.


Am I really the asshole here?


TL;DR; I want to foster a child. My daughter and ex-wife are upset because they think that i 'owe' them.
"
260,I asked the homeless shelter for food even though I make plenty of money.
261,"AITA for making my birthday dinner reservations for 4:30pm? | So I guess my family and I have differing ideas about what is a good time to eat dinner. They think I’m being selfish here. I think it’s my birthday and I want to follow my typical schedule. 

My 32nd birthday is on Monday and I had made dinner reservations at a nice steakhouse for my family and I at 4:30 on Friday. My husband and I typically eat dinner at 4:30 or 5, or earlier if we’re hungry. 

My parents think eating steak or just dinner in general at 4:30 is a bad idea and bad for digestion. My dad says it’s bad for his stomach to eat dinner so early. But he would say the same thing if I made dinner reservations for like 9 (which is when I used to have my birthday dinners when I was in my 20s) 

My younger sister says she cannot eat dinner at that time as it’s way too early for her. She works in an office 9-5 and she says she absolutely cannot and will not ask to leave early for my dinner. She says even if I made it Saturday though, she would come and have a drink with me but she’s not eating dinner so early because she doesn’t have to and she doesn’t want to. She says a slow dinner is how she likes to relax at the end of the day and 4:30 is mid day. She claims she already compromising by agreeing to go to a steakhouse as she’s vegan.  

My brother is a bit more chill about it; he says I can have what I want but even he says he’ll probably get an appetizer if he gets anything and not a full dinner. 

My parents and sister say they’ll come celebrate with me but they won’t eat. I feel they are implying I’m selfish for not considering everyone elses’ “Needs” (wants) on my birthday and if I want to enjoy a full dinner with them and not have them show up and not eat, I should make my reservation for a typical dinner time. I think they’re selfish for not just rearranging their eating schedule for ONE day. It’s one day of their lives and I don’t understand. AITA?"
262,"AITA for telling a parent that her son sucks at sports? | I coach my son's basketball team (8-9 yo) and it's pure recreation. They don't even take points for the younger kids. Personally, I detest basketball because, next to football, it brings out the worse in parents. You always get a few parents who think their kid is going to be the next Tom Brady or Michael Jordan. I will be the first to admit that none of my boys will ever get a sport's scholarship. They're just okay and that's okay. I have one kid on my team, ""O"" who simply sucks at sports. He's not a sports kid, He has no coordination, clearly uncomfortable with playing with so many kids and has a lot of anxiety. 

He's already played baseball, hockey and swimming with different kids and coaches. That's not the problem. The problem is that his mom is frustrated that he's not getting any faster, quicker, accurate and is generally miserable and is looking to me as a coach to fix that. I tried to explain that not every kid is an athlete. I am not one and none of the kids playing are going to be professional athletes. I try to lower her expectations. She just feels that he should be getting better and he's not. After every game, she gets pissed because her son poorly and she lashes at me. I finally told her that her son is not good at sports and should try something that isn't going to make the both of them unhappy. She got livid and reported to the sports coordinator who didn't think I said anything wrong. Her kid is still on my team.

AND NO.  NO NO NO and NO. I am not spending extra time coaching this kid. I have four boys and coaching is one of the few ways I get to spend time with my own kids. I don't have time for it."
263,"AITA for calling the non-emergency police number for someone looking suspicious? | Throwaway for obvious reasons. I live in a subdivision in a nicer part of town. I lived here for about 2 years so I just about know everyone who lives here. Since the weather has been super warm I get a lot of runners, bikers, walkers, etc that pass through. This particular individual looked suspicious. He passed by my house about 4 times and that scared me. I don't know if he was doing laps around the subdivision or casing my house and my neighbors. 

I decided to call the police non-emergency number and told them. Long story short they sent a car out. I don't know what happened after. I told some friends and they freaked out cause the guy was black. I told them I would do the same if he were white, mexican, etc. Him passing by my house 4 times made me uncomfortable."
264,I plucked the rare flowers in the public garden.
265,I told my daughter Keyla she must find new friends because two of them are African American.
266,I didn't give my kids Snicker's bar because I forgot to.
267,"AITA For getting snippy with the building management office woman? | I take a med that I receive via mail. A week ago, I noticed I was low on this medication and ordered another shipment. I normally pickup the package in the building management office, which I have not had trouble with in the past. Yesterday, it was announced that my college would be unexpectedly closing down for reasons that aren't allowed to be mentioned on this sub. I made arrangements to return to my hometown tomorrow afternoon. The building management office is not open on Saturdays.

After taking todays dose, the final dose I had left, I went up to the building management office to check if they had received my package. As I arrived, I discovered that the office door was locked and there was a sign hanging on the door stating that the office was closing down in-person meetings to stop the spread of disease. Through the door window, I was able to see a management office employee sitting on a couch watching Netflix. I knocked on the window and she told me that the office was closed and that I should call the office if I needed any information.

Another management employee showed up to enter the office. I attempted to talk to her and she told me, in person, that the office was closed and they were unable to tell me anything in person. This continued for a few minutes, with me asking questions and her telling me that the office was closed and that I'd need to call for any information. I grew increasingly frustrated, both by what I felt was a needlessly obtuse conversation and the fact that, if I didn't get my package this afternoon, I would be without medication for several days while I waited for another package to arrive in my home town. I did not mention what was contained within the package, only that it was important I received it today.

I lost my temper and yelled at the management woman, telling her that I didn't want to make a phone call, I wanted my fucking package. I stormed off after giving her the middle finger. In hindsight, I could have handled the situation with more civility, but I do feel that some anger was warranted due to the management woman's absolute refusal to say anything other than that I should call the office for information. Telling me to my face that she couldn't tell me things to my face felt dumb.

I called the office, talked to Netflix girl, and was walked through the process of signing up to have them leave my package outside my door. I have my meds now, everything will be fine. An hour after the incident, I received a call from the woman I cursed out's supervisor asking about the situation. I explained the situation to him and told him that I had been rude, something I am sorry for. He also pointed out that the management woman was just following building policy. He gave me the email address of the management woman and told me to send her an apology."
268,I found a wallet in the park and became its new owner.
269,"AITA -Just wanted help | Writing from my phone.  
My wife of 12 years and never been one to go out of her way to help me.  Not really a big deal in our marriage because normally I dont like help.

I have sleep apnea and finally got a cpap machine delivered on Thursday.  For those that dont know it is a mask you wear with a hose going to a device that pumps air into your mouth so you dont choke in your sleep.  

I was super bummed out and depressed that I now need to sleep with essentially  scuba gear on.  I asked her to please make sure to help me with it that night.  She said she would.  I even clarified and said,  ""you promise you will help and not be a bitch about it"".  I know not the nicest way to put it,  but we talk like that.
It is important to point out I never said how I expected her to help me.

That night we are watching tv downstairs as is our routine.  She said she was going to go upstairs and watch a show with our daughter,  i said fine.  I then fell asleep on the couch.  I woke up a few minutes later and walked upstairs to find her in our bed watching tv with our daughter (this is normal).  I laid next to them and started figuring out the machine so I could go to sleep.  I was expecting her to see me needing help and offer,  but she did nothing.  As I struggled I said I guess you weren't going to help then,  or something along those lines.  She then proceeded to get very upset which got me upset and now were not really talking.  

She says I never told her how to help and I say she clearly had zero intention of helping me when she promised to help.

Am I the asshole?"
270,I viewed an old pirate ship that washed up.
271,There were signs saying not to wear sunscreen in the hot springs so I didn't wear any.
272,I checked out the beautiful woman while on a date with my wife.
273,"WIBTA For claiming to have a nut allergy? | Okay, so here's the story:

Ever since I was young I've had this really strong aversion to peanuts, pecans, etc you name it. My mom even at one point had me tested by a doctor to see if I had an allergy to them. Just even thinking about eating them makes me nauseous. This has never been very relevant in my life until recently. My friend group in college is constantly suggesting to go out for lunch, and Asian food is a very popular choice. The problem is that I'm also kind of a picky eater, so mixed with the use of nuts in Asian food there isn't always a lot for me to eat. I own up to this aversion, it's my problem and I don't expect anyone to change where they want to go because of this. However, me constantly ducking out of lunch has gotten suspicious because they know when I'm busy. Lately, I've been thinking about claiming the reason I can't eat anything there is because of a minor nut allergy. I in no way want or expect them to stop eating in these places since they love them, but I'm desperate for an excuse for why I can't eat anything there and they can stop trying to cajole me into eating food that makes me physically nauseous. I'm super embarrassed because it feels very childish to simply say 'I just don't like it' because to me its a real problem, but its mine and none of my friend's faults that I'm awful with food. WIBTA for claiming a nut allergy to get out of eating out in these places?"
274,I approached my little cousin at her birthday party and popped her balloon.
275,Sometimes I hide my grandpa's teeth because he loves a good prank.
276,"AITA for not letting my kids use their electronics during the week? | Im a first time poster on this subreddit, I hope you guys can help. Sorry if there are any errors, im writing this on a tablet.

A little more info regarding my question:
I am a mother of 3 kids. I have a 16 yo son and two daughters, 14yo and 13yo
. 
When they come back from school, I take their phones and put them in my bedroom so they have no access to them. They only get to use their devices on the weekend, that includes their play station or my laptop. My son complains saying that all his friends dont have their phones or other stuff confiscated as soon as they get home. He also complains that he cant have his phone in his room overnight.

They argue that since their grades and behaviour are good (which is true, most of the time), they shouldnt be ""punished"". Im worried that if they are allowed to use their stuff they will start slipping at school.

So, AITA?


"
277,I handed my brother the toothbrush so he could clean his teeth.
278,"AITA for telling my mate's girlfriend to act her age? | Obligatory ""this is a throwaway"" and ""I'm on mobile"" disclaimers. 

Situation is basically exactly what the title says. I [22M] live with one of my best mates [24M]. His girlfriend [25F] doesn't live with us, but she's at our place about 5 days a week and really just goes home to get more clothes and stuff at the weekend. She's *incredibly* childlike. She does the whole Melanie Martinez babyish aesthetic and I'm pretty sure they're into the whole Daddy kink thing, both of which are whatever, that's their own business. But the way that she *acts* drives me up the wall sometimes. 

She literally acts like she's 4 years old. She has a habit of speaking in this really annoying baby voice at random times. Like she'll literally switch to it mid-sentence from her normal voice. If it was just that, I probably wouldn't mind, but she's a habit of using this babyish behaviour to deflect from when she does something wrong. If anyone calls her on something shitty she did, she'll push her bottom lip out and say ""I sowwy"" (literally), and get all pouty and teary eyed like a toddler does when they're in trouble. I've never once known the woman admit to doing anything wrong, and she's been with my mate for the 2 years we've lived together.

It came to a head a couple of days ago. I'm an art student, and a broke one with no financial support from my family at that, so I have to be careful about how I use my expensive resources/materials. I've been working on this project, which counts 40% for my final grade for *weeks* and was finally almost finished. It involved using Copic markers, which any art person knows aren't cheap. I left it on the kitchen table to dry, with a note asking everyone to be careful around it. She, while trying to get a closer look, spilled red wine all over it and completely wrecked it. She didn't message me to let me know, just waited til I got home so I could find it. I was pretty pissed and told her so, and she did the whole ""I sowwy, I no mean to"" bit she usually does. I kinda got snappy and told her ""can you act your fucking age for once in your life?"" 

She got upset and cried to my mate. Apparently, I really hurt her with what I said, she feels like I was ""invalidating"" and ""kinkshaming"" her. Obviously I wouldn't do that to anyone intentionally, but I think there's a time and a place for certain things and she keeps crossing a line. I feel bad for upsetting her, but still kinda feel I'm in the right. What's y'alls verdict?"
279,"AITA for allowing my dad to have a relationship with his grandson? | My dad was a horrible father and had no business raising children. I don't want to get into the details but it wasn't like my father did not know about some of the things that went on or wasn't around growing up. He just seemed on making his kids as fucked up as he was and he succeeded. One brother is in jail, one is a raging alcoholic, one is a tweaker and there is me. I largely escaped him because my mother raised me (my siblings all have different moms but we're raised by our father). My father main abuse towards me had to do with my being gay even though he's not homophobic at heart. He's just a really bad parent.

My son is 3 and I've allowed my dad to have a relationship with him. My family are outraged by this. My father is a horrible dad but he's actually a good grandpa. I know he will never hurt my son and TBH my son is the only person that my father has any kind of relationship with. I feel bad for my father because he had a shitty life and is now in his 70s, poor health, no money and no family or friends (unless you count his pug). My son loves spending time with him and he cries when he leaves.
My dad would ever abuse his grandkids. My siblings are angry over what he put them through and preventing any relationship between their kids and him is their way of getting even. I'm not saying they're right or wrong. I just understand their viewpoint but they don't understand mine. My dad was an awful parent but excellent grandparent. Also, I would never want my dad to raise my son if me and my husband died. He's aware of that."
280,"AITA for performing a breast examination on my wife's best friend? | Disclaimer: I am a physician.

My wife's best friend, ""Lily"", came by my house the other day to drop something off for my wife. Lily and I have also become quite close through my wife, and we often go out for dinner together with her and her husband. She dropped in and then as we were conversing she mentioned that she noticed a strange lump on her breast and was wondering if I could take a look at it. 

I didn't think twice about it, and brought her into a different room. Note: my wife was not home at the time. I felt her breast and told her that everything was okay, and she thanked me, and went on her way. I have performed over 100 breast examinations and it did not seem like a big deal to me at all, just a simple medical examination.

I did not tell my wife that this happened, not for the purpose of keeping my action a secret, but because I did not think I should discuss Lily's medical concerns with my wife. Lily told my wife a few days later, and my wife became upset at me both for performing the examination and for not telling her about it.

My wife said that I could have simply told Lily to see her family doctor rather than ""feel her breasts"" myself. She understands that it is a medical examination of course, but still thinks it is weird that I saw and felt her best friend's breasts, which I do understand. She said it will now be in the back of her mind whenever the three of us get together.

It is true that I simply could have told her to book an appointment with her physician, and I could have considered the possibility that the information would be weird for my wife. However I felt like I was just doing my friend a favor and it would be inconvenient to make her book a whole appointment for something I could quickly do on the spot.

AITA?"
281,I left donations for the local thrift store outside its front door after it closed today.
282,"I wanted my children to practice having good posture for a week, so I spit on them whenever I saw them slouching so they notice when they're not sitting up straight."
283,"AITA for telling someone their phone was distracting during a movie | I was watching Jumanji tonight and the girl next to me kept using her phone. I found the lit screen very distracting. I was extra annoyed cause this same situation just happened to me when I watched Star Wars where the woman next to me was using her phone every 5 minutes. This time I noticed the girl next to me was playing Bejeweled. I would be more understanding if it was a text because maybe she is waiting on important news. Anyway after the ninth time she did this, I snapped that her lit screen was very distracting. She looked really pissed when I told her this. I am wondering in this day of age if using a phone during a movie is now accepted behavior and I should have just sucked this up."
284,"AITA for finding my mom yelling at the cleaning ladies kind of funny? | My parents hire a group of three cleaning ladies to clean our house bi-monthly. For a while now, my mom has been complaining about how the quality has gone down. Basically, she said they did well at first, but since my parents have been hiring them for 3 years, the quality has slipped. My mom also says our family is overpaying (a few other families in the neighborhood hire the same cleaning ladies, and we're paying more than they are).

The thing is, my mom's a very timid person. She always tells the ladies to clean well and points out specific things they could be doing better, but they basically ignore her. For example, she wants them to clean up the sinks and all that well, but they don't. And my mom is too shy to tell them again or be authoritative, so she doesn't reprimand them or anything for ignoring her.

However, my mom also has a habit of occasionally getting angry and giving lectutes.

So, yesterday, the cleaning ladies came, and as usual, a lot of stuff wasn't done that well. My mom had finally 'had it', so to speak, so she pointed out all the stuff that wasnt cleaned properly and demanded it be cleaned. They insisted it had already been cleaned properly and that she shouldn't 'talk to them that way', and this devolved into a shouting match which ended in them quitting and telling her not to call them again.

I found the whole thing very funny, if only for the absurdity of the situation. For one thing, it's really funny how my mom has been timid and has let them do whatever they wanted for 3 years, and suddenly blowing up at them, as opposed to establishing authority from the beginning. 

My parents are both mad at me for finding it funny. My dad, on one hand, says yelling at someone you hired is no laughing matter, and my mom should apologize. My mom says I should've supported her more, because they weren't doing well.

I disagree with both. My mom has the right to tell them that they're not doing well if they aren't. But she also made the wrong move in letting them ignore her orders for 3 years and now suddenly insisting they do things properly. That's just not how it works: if you don't act authoritatively, people will slack off.

Aita for finding this funny?"
285,I banished my daughter to the basement for twenty years for being rude.
286,"AITA for tipping my dad off about his sister being on her death bed, even though it was her possible dying wish that he didn't know about it? | My aunt (dad's sister) and my dad have a complicated relationship. They have been close their entire lives, and are only a couple of years apart in age (mid 70s each). My dad's on the spectrum and he often pisses people off like it's his job.

His relationship with his sister has degraded severely over the last couple of years to the point to where they're not talking any more. I find this to be a pity, but up until now they've both been in very good health, so I thought they'd eventually reconcile after some time apart. My aunt takes slights very seriously and when she decides to be furious with someone it's almost like they're dead to her. My aunt is extremely generous and kind as long as the people in her life actively appreciate the impact that she's made in theirs.

Yesterday I received a message from my mom (divorced from my dad) that my aunt has meningitis and is in the hospital. Also, my cousin has had to drop everything and flew a couple of states over to stay with her in the hospital. I was told explicitly not to tell my father, in all caps. I called my cousin this morning and talked to her about the severity of the situation, my aunt is falling in and out of consciousness and can't deal with a lot of stimulation at the moment, so no one can talk with her except my cousin and my Aunt's BF. When going through everything my aunt said things like, ""don't tell ""my dad"", don't even tell him if I'm dead"". My cousin tried to talk her down from that, but she was having none of that. She's basically staking this out as a final wish kind of demand and the family is taking the request with the utmost seriousness.

I told my cousin that it would be extraordinarily sad if my dad was never given the option to reconcile with his little sister while she was dying. She cried, I cried, and then I told her I wouldn't tell him out of respect for my aunt.

So I spent the day struggling deeply with this knowledge. Eventually, after thinking through what kind of incredible betrayal of my father it would be for everyone else in the family to know about this except for him, and what kind of weight it would be for him to bare if she was to pass away without him even trying to reconnect, I called him. I asked him if there was anything big or new with him, and he replied like everything was great. Then told him that there may be something really big going on, I told him I couldn't give him specifics as to the who or what, but he's smart so he got enough information from me to follow a bread crumb trail that I know exists. I've already had confirmation that he's digging into it.

Even if she won't take his call or my cousin won't let any notification get through to her, my dad at least deserves the opportunity to make up for past mistakes, and at the very least know in his heart his last action towards her wasn't tinted with acrimony. I believe my aunt deserves the same.

So reddit, am I the asshole for basically defying my Aunt's dying wish?"
287,"AITA for eating mac and cheese that I made myself after asking my (pregnant) wife if she wanted any? | Made mac n cheese last night and it was a large portion, maybe enough for 2 very hungry people. 

My wife usually goes nuts for my mac n cheese but during her pregnancy (7 months in) she has completely hated it and gags when I make it so I stopped making it as much, 

I asked her last night if she would mind if I made it since I was really missing something nostalgic and traditional. She said go ahead and she’d go in the bedroom and shut the door so she wouldn’t smell it. 

After I finished it off in the oven I asked if she might want some now or later because otherwise I’d have it. She said absolutely not and she doesn’t want it, just the thought makes her sick. 

I ate 1 portion for dinner and this morning I decided I’d have waffles bacon and mac n cheese for breakfast (don’t ask) and so I finished it off. My wife was asleep so I didn’t want to disturb her, and ask if she wanted any. 

This afternoon my wife asked where the rest was. I said oh shit babe I ate it. She flipped out on me and said I should have kept it for her and that ‘I should have known she would have changed her mind’. 

I said I had squared with her she didn’t want any, as far as I knew that was end of story. She is stomping around calling me an asshole and making herself some mac n cheese now, I offered to cook it for her but she told me to screw off."
288,"AITA for threatening to leave my roommate if she doesn't close the curtains at night? | Long story short, I moved in with a friend of a friend a few months ago. We get along pretty well normally, but she has this awful habit of leaving the blinds and curtains wide open at all times. I don't care that much during the day, but at night it's incredibly unsettling. We live on the end of our apartment building with a bus stop right across the way. People can literally see directly into our unit from it or walking by. Like, they can watch our TV from the street. The sun is setting earlier and it's now dark when I come home from work, and every time I come back I have to pass the big window and see people outside looking in. We're both women and I've literally made eye contact with random men outside and it creeps me out. I've had to start walking through the living room in the dark (or with my phone as a flashlight) to close the blinds first because it's so unsettling. Yesterday I tripped while doing it and busted up my arm and wrist. This morning we had a huge fight about it and I told her to 100% stop opening the blinds at night or I was moving out. I close them every day but she opens them up again and says she forgets to close them before night. She has the smaller bedroom so pays less rent, and I know she can't really afford much else, but I can't keep doing this. It's just a month to month place so I told her to stop or I was going to put in 30 days. Today they were closed when I got home but she's still pissed. I don't think this is a totally unreasonable request, but am ITA?"
289,"AITA for being friends with a girl who cheated on me and still holding it against her from time to time? | We're very close friends and used to be together. It ended brutally and was the most painful year of my life. However, after a lot of talking, we decided to be friends again and now spend a lot of time together. Whenever we get into arguments nowadays, I bring up what she did to me (she didn't just cheat on me, she rubbed it in my face and made sure I was fully aware of her and her new boyfriend. Basically showed zero remorse whatsoever and took pleasure in having a new boyfriend and still having me pine after her). She says that since I've decided to forgive her, I have no right to bring up anything she did.

She did some terrible things and I often still dream about them, which can affect my day-to-day life. I'm not looking for answers telling me not to be friends with her. It's not going to happen. Yes, I'm weak.

Basically I just want to know if I am the asshole for forgiving her, but not being able to leave everything entirely in the past. If it's too much for her she can of course just cut all ties. But she chooses not to. And so do I."
290,On my mom's birthday card I wrote she looked so young.
291,"As I slept in the other room, my roommate opened my certified mail."
292,I went to the sea to go fishing for salmon.
293,I sat outside to spy on the animals that came out at night.
294,"WIBTA asking my girlfriend to put in more effort? | There’s this girl that I’ve been dating for around 2 months now and she’s had a thing for me for probably close to 2 or 3 years (yeah I know). I know that she really is happy with the current state of our relationship and really enjoys being with me but I’m just getting tired of it.

I’m the one who has to plan every single date, I’m the one who has to make the first move in anything, I’m the one who has to pretty much do everything for our relationship and it’s getting exhausting for me and I’m not feeling very happy. It’s hard to feel happy with a relationship when I’m putting in a lot of the effort and compliments and everything and she gives me nothing back. I know she cares about me because she mentioned in our first month that she’s getting me something for my birthday which at the time was 2 months away. She’s obviously in this for the long run and cares but I’m just not getting anything from her."
295,"I woke up 9 AM this morning after my roommates had gone to work, and turned on the blender to make myself a smoothie."
296,I hid the love note in the teenager's locker.
297,"AITA for not going to my best friend and housemates hen party? | I live with my best friend (let’s call her Stephanie) and her now fiancé (I’ll call him dave) , I pay rent for a room in the house they own together. Both enjoy having me there and in general the arrangement works out well.

They both earn more than 3 x what I do, if this matters.

They got engaged in July and I was asked to be a bridesmaid. I was very excited, and as this is my best friend of ten ish years I couldn’t imagine not being a part of their wedding. The groom and I are also good friends due to being housemates, we are almost like a little family.

I do not like Stephanie’s friends. They are mean and shallow and materialistic and when I hang out with them I feel bad. I have a history of mental health issues if this matters - a big part of my road to recovery was understanding when I hung out with certain people, I would feel bad afterwards. My mental health has greatly improved since I stopped hanging out with this group of girls three or so years ago. I kept the friendships that didn’t make me feel bad - such as Stephanie.

I enthusiastically agreed the hen do would be great and not to worry about me not liking the other girls going - I could be civil for a few days to celebrate my best friends wedding.

Stephanie’s sister and some of the girls going organised the hen do in secret, wanting Stephanie to be surprised. Three days ago I received a text from this group asking for £350 by Saturday (tomorrow) - and that if I couldn’t afford it Stephanie’s mother would pay my share and I could pay her back £60 a month. The hen do will be a holiday to The south of france for four days, staying in a luxury villa/mansion, with a wine tour, a night out and a dinner. The £350 only covers flights and accommodation and will be in June next year.

I do not have £350, I do not have £60 a month spare. I am on a debt management plan and my car broke two months ago, meaning I had to borrow money from an uncle and agree to pay him back £55 a month for three years. This was already a financial stress to me as I try to pay off my debt. I have been paying it off for three years and would have been debt free in a years time, but will be paying my uncle back for some years now. I don’t buy clothes, I don’t go out for dinners, I don’t get my hair and nails done. I am sensible with my money.

I approached Stephanie and Dave (he just happened to be there) - I said I was embarrassed about being offered to pay her mother back as they obviously know I can’t afford the hen do, and that I just didn’t know how I was going to afford to go.

Dave said it was disgusting of any friend, especially a bridesmaid, not to go to a hen party. He said he would go into debt or borrow money or “sell a limb” to be there for a friend. Stephanie said I was “being negative” that I would “upset her mum who offered to pay to be nice” and that I’m “ruining something she has dreamed of since she was a little girl”


I laid awake that night for hours trying to think of what I could sacrifice so that I will have an extra £60 a month for this hen do. I feel awkward and uncomfortable living with people who want me to go into debt for their benefit, but can’t find anywhere else to live that I can afford, though I’ll keep looking. My anxiety is through the roof at the concept I’ll be in more debt if I go.

AITA if I say I just can’t afford it and I’m not going? Even though they let me live in their home and have offered me a payment plan? I don’t want to hurt my finances but I don’t want to be an ungrateful cow of a friend. I was expecting the whole thing to cost around £200, which I probably could have squeezed. reddit, be brutal. Am I a tight fisted ungrateful asshole here?? "
298,"AITA for taking abandoned firewood? | Hey all. So a bit of backstory here, there used to be a nice house in my parents neighborhood. This house was bulldozed, leaving nothing but a vacant lot, some trees, and a large stash of firewood at the back of the fence. The lot itself is surrounded by a fence, but the gates that were once there have been completely removed.

5 years or so after the house has been gone, I am no longer living with my parents, and I am heading to go pick up some firewood from a local shop. It suddenly occurs to me to go and check that old vacant lot, it has been quite a while since I had been in the area, but yes, all the wood is still there. I kind of shrug mentally and drive in where the gate used to be, back up to the pile, and toss a few logs into my truck bed.

I finish up, and begin driving off. No sooner had I left the lot, when a black pickup truck pulls up next to me with his window rolled down, beckoning at me. I roll my window down too, not really sure what to expect. There is an older man and his wife in the other truck, and this exchange takes place;

Me: Yes sir?

Man: Did you just grab some logs from that lot over there?

Me: Oh, yes just a few.

Man: Well I'm going to have to ask you to put those back?

Me: Oh, I'm sorry! Do these belong to you? They have been sitting out here for at least 5 years so I wasn't sure if they belonged to anyone.

Man: Not me, but a friend of mine. I can call him up if you'd like.

Me: That's not necessary, I'm happy to put these back if they belong to somebody.

Man: Well, you better, because not only are you stealing, but you trespassed on private property.

Me: ...ok?

Man: Do you want me to call the police on you, son?

Me: I already said I would put the logs back, what else do you want from me?

Man: Well get on then!

So I start trying to turn around to get back into the lot, when he jumps out in front of me with a ""where do you think you're going?"" kind of look. I tried to explain that ""if you'll move out of the way I'll turn around and drive back in there."" But no dice, it's only good enough for him if I throw it into reverse and back into the lot. Ok fine, whatever, at this point I'm starting to get pretty angry because I feel like I've been nothing but compliant. So I back into the lot and unload the wood. He has the gall to not only follow me in there, but park in front of me so I can't leave, and then get out and inspect that all the wood was gone from my truck bed. There were so few pieces in there, that I was done before he even got out of his truck. After his inspection, he starts grilling me. Things like, ""Do you live around here, what's your name, what's your address, etc."" I was extremely uncomfortable answering these questions, so I gave him a bunch of fake information. Anyway, he's eventually satisfied and says ""I never want to see you around here again."" I just couldn't fathom how I could have possibly offended so much, and it still bothers me almost nine months later. So I have to ask, aita?"
299,"WIBTA for testing my boyfriend? | So a short backstory on me, I am a model. And with that most of my previous relationships stem from the guys I am dating on really dating me because of my looks and the ""status symbol"" of dating a model not because of me as a person.

This is something that has caused a lot of anxiety and depression in my life and I have been really trying to find people in my life that care about me not what I look like. Now that is not to say that my looks can't play a role (physical attraction is important to me as well) but I can't be with anyone where that is the only or main reason why they are dating me.

So that brings me to a guy a started dating fairly recently. I really like him and he seems like a good guy. Takes interest in my hobbies and is supportive of what I do. He enjoys lazy days around the house and cooking for me at home instead of always wanting to go out (which with a lot of guys it just seemed like they wanted to show me off). So I really really like him.

But his friend DM'd me the other day and told me, ""Hey, just thought you should know. You boyfriend has been telling anyone who will listen about all the dirty shit he gets to do with 'this model chick I have been banging'. I'd want to know. Hope for the best!""

I have only met this guy once and I don't know how close he is to my boyfriend nor do I know why he told me this. For all I know he is just trying to start drama. The problem is I know how badly I want to believe my boyfriend. And if he were to tell me that it isn't true I would probably believe him. But that thought of ""what if"" would constantly be in my head from now on.

So would I be an asshole if for the next month or so I stop wearing makeup when we go out and I don't put out at all (just come up with whatever excuse I need to when he starts trying to make a move)? If I test what his motives truly are? 

Part of me feels like this is wrong but the other part knows this is the only way I can fully 100% put this behind me. And if his friend is lying I can commit to him 100%"
